ID,RATING,NOAA,AR_START,X,Y,AR_END,SIG_START,SIG_END,TBEST,ORIENTATION,HEMISPHERE,SIZE,ASPECT,EUV_FIL,HALPHA_FIL,SUNSPOTS,FLUX_EMERGE,FLUX_CANCEL,FLUX_PEAK,FLARE,CME,CME_LINKS,FIL_ERUPT,TRANSIENT_CORONAL_HOLE,FLARE_RIBBONS,POST_FLARE_LOOPS,NEARBY_CORONAL_HOLE,NEARBY_AR,XRT_FRAMES,COMMENTS
1,2,10944,2007-02-26T18:03:00.000,-312,29.5,2007-03-07T06:14:00.000,2007-02-26T11:17:00.000,2007-02-27T11:40:00.000,2007-02-26T18:03:00.000,I,N,138.6,3.78,?,Y,1,N,Y,9.30E+21,"B: 1, C: 0, M: 0, X: 0|B2.5 03/02 05:29",NA,NA,-,-,-,-,-,-,-,-
2,3,10949,2007-03-27T13:00:00.000,293,237,2007-04-08T13:00:00.000,2007-04-02T01:00:00.000,2007-04-05T07:00:00.000,2007-04-03T07:00:00.000,I,N,180,1.8,N,Y,0,N,Y,5.50E+21,"B: 2, C: 0, M: 0, X: 0|B1.0 03/28 19:28|B2.2 03/31 01:43",NA,NA,-,-,-,-,-,NA,-,-
3,1,10955,2007-05-06T18:05:00.000,303,-73.1,2007-05-16T10:46:00.000,2007-05-11T10:53:00.000,2007-05-14T06:14:00.000,2007-05-12T11:33:00.000,S,S,260.56,2.69,N,Y,Multiple,Y,Y,6.40E+21,"B: 0, C: 0, M: 0, X: 0",NA,NA,-,-,-,-,-,-,7+,-
4,3,10956,2007-05-13T10:59:00.000,280,73,2007-05-24T11:17:00.000,2007-05-19T18:03:00.000,2007-05-22T06:21:00.000,2007-05-20T10:28:00.000,S,E,170,2.4,N,Y,1,Y,Y,1.10E+22,"B: 22, C: 2, M: 0, X: 0|B2.0 05/14 07:47|B4.2 05/15 04:35|B1.1 05/15 05:14|C1.0 05/15 15:37|B1.7 05/15 17:05|B3.2 05/15 18:09|B2.7 05/15 19:07|B2.0 05/15 23:15|B1.0 05/16 01:13|B2.0 05/16 01:53|B2.6 05/16 02:22|B1.9 05/16 06:01|B1.8 05/16 12:22|B1.8 05/16 13:05|C2.9 05/16 17:41|B1.7 05/16 19:04|B2.3 05/17 03:10|B5.5 05/17 12:56|B1.4 05/17 13:47|B1.0 05/17 14:45|B1.8 05/17 18:05|B9.5 05/19 13:02|B6.7 05/20 05:56|B2.7 05/22 23:25","05/15 + 08 hrs, 0300 km/s|05/16 + 01 hrs, 0256 km/s|05/16 + 01 hrs, 0434 km/s|05/16 + 00 hrs, 0421 km/s|05/19 + 02 hrs, 0288 km/s|05/20 + 01 hrs, 0279 km/s",http://sidc.oma.be/cactus/catalog/LASCO/2_5_0/2007/05/CME0014/CME.html|http://sidc.oma.be/cactus/catalog/LASCO/2_5_0/2007/05/CME0015/CME.html|http://sidc.oma.be/cactus/catalog/LASCO/2_5_0/2007/05/CME0016/CME.html|http://sidc.oma.be/cactus/catalog/LASCO/2_5_0/2007/05/CME0017/CME.html|http://sidc.oma.be/cactus/catalog/LASCO/2_5_0/2007/05/CME0018/CME.html|http://sidc.oma.be/cactus/catalog/LASCO/2_5_0/2007/05/CME0019/CME.html,-,-,-,-,-,-,-,Sterling 2010
5,1,10958,2007-05-30T06:18:40.000,327,-194,2007-06-09T06:08:00.000,2007-06-04T11:37:00.000,2007-06-05T17:36:00.000,2007-06-05T00:22:00.000,S,S,114.75,1.41,?,?,?,Y,Y,5.00E+21,"B: 1, C: 0, M: 0, X: 0|B1.6 05/31 10:22","05/31 + 03 hrs, 1787 km/s",http://sidc.oma.be/cactus/catalog/LASCO/2_5_0/2007/05/CME0028/CME.html,-,-,-,-,-,-,3,-
7,0,10964,2007-07-12T17:45:55.000,257,13.9,2007-07-17T11:49:00.000,2007-07-12T17:45:00.000,2007-07-13T06:02:00.000,2007-07-12T17:45:00.000,S,E,76.88,2.11,?,?,?,Y,Y,3.00E+21,"B: 1, C: 0, M: 0, X: 0|B2.9 07/16 01:01",NA,NA,-,-,-,-,-,-,1,-
8,3,NA,2007-10-11T13:00:00.000,94,48.9,2007-10-23T19:00:00.000,2007-10-14T07:00:00.000,2007-10-19T01:00:00.000,2007-10-17T07:00:00.000,I,S,120,2.6,-,-,-,N,N,3.10E+21,No AR#,NA,NA,-,-,-,-,-,NA,-,-
9,3,10975,2007-11-22T18:09:00.000,267,47.4,2007-11-28T19:00:00.000,2007-11-24T06:03:00.000,2007-11-26T13:00:00.000,2007-11-24T18:02:00.000,S,E,110,3.5,N,N,0,Y,Y,1.80E+21,"B: 0, C: 0, M: 0, X: 0",NA,NA,-,-,-,-,-,NA,-,-
10,3,10977,2007-12-01T06:00:00.000,116,-42.4,2007-12-10T06:07:00.000,2007-12-05T06:17:00.000,2007-12-08T11:35:00.000,2007-12-07T00:08:00.000,S,S,100,2.5,M,N,0,Y,Y,2.10E+21,"B: 3, C: 0, M: 0, X: 0|B7.0 12/02 20:05|B1.1 12/05 04:15|B1.4 12/07 04:41","12/05 + 01 hrs, 0115 km/s|12/05 + 02 hrs, 0226 km/s",http://sidc.oma.be/cactus/catalog/LASCO/2_5_0/2007/12/CME0004/CME.html|http://sidc.oma.be/cactus/catalog/LASCO/2_5_0/2007/12/CME0005/CME.html,-,-,-,-,-,-,4,-
11,3,10987,2008-03-22T18:14:00.000,-9.73,21.3,2008-04-01T17:57:00.000,2008-03-26T18:02:00.000,2008-03-30T18:19:00.000,2008-03-27T06:17:00.000,S,S,135,2.7,N,Y,2,Y,Y,1.20E+22,"B: 2, C: 0, M: 0, X: 0|B5.1 03/24 02:44|B4.8 03/27 16:36",NA,NA,-,-,-,-,-,-,8+,-
13,2,NA,2008-05-09T17:51:00.000,139,5.96,2008-05-12T06:02:00.000,2008-05-10T06:02:00.000,2008-05-11T06:35:00.000,2008-05-10T17:57:00.000,S,S,152.24,4.42,-,-,-,N,N,1.30E+21,No AR#,NA,NA,-,-,-,-,-,-,3,-
14,2,11000,2008-07-17T18:02:00.000,72,-276,2008-07-25T06:02:00.000,2008-07-19T17:46:00.000,2008-07-21T18:17:00.000,2008-07-20T17:57:00.000,S,S,108.12,2.84,N,N,0,Y,Y,1.30E+21,"B: 0, C: 0, M: 0, X: 0",NA,NA,-,-,-,-,Y,-,3,-
15,2,11007,2008-10-31T17:57:30.000,59,557,2008-11-05T18:02:00.000,2008-10-31T17:57:00.000,2008-11-02T18:04:00.000,2008-11-01T05:42:00.000,I,N,120.97,2.39,N,N,0,Y,Y,3.70E+21,"B: 3, C: 1, M: 0, X: 0|B7.2 11/02 15:05|B5.7 11/02 20:15|B2.4 11/03 22:56|C1.0 11/04 03:30","11/03 + 01 hrs, 0376 km/s|11/04 + 02 hrs, 0612 km/s",http://sidc.oma.be/cactus/catalog/LASCO/2_5_0/2008/11/CME0008/CME.html|http://sidc.oma.be/cactus/catalog/LASCO/2_5_0/2008/11/CME0009/CME.html,-,-,-,-,-,-,4+,-
17,2,NA,2009-02-10T18:03:30.000,193,72.6,2009-02-20T06:01:00.000,2009-02-15T18:03:00.000,2009-02-17T17:50:00.000,2009-02-17T05:47:00.000,S,E,109.69,2.33,-,-,-,N,Y,1.80E+21,No AR#,NA,NA,-,-,-,-,-,-,5,-
18,1,11017,2009-05-10T05:52:33.000,280,372,2009-05-21T06:03:00.000,2009-05-15T05:52:00.000,2009-05-18T18:03:00.000,2009-05-17T05:29:00.000,S,N,165.07,2.25,N,N,0,Y,Y,6.50E+21,"B: 0, C: 0, M: 0, X: 0",NA,NA,-,-,-,-,-,-,6,-
19,1,NA,2009-05-22T06:21:02.000,136,-481,2009-05-28T17:41:00.000,2009-05-26T23:52:00.000,2009-05-27T18:01:00.000,2009-05-27T06:21:00.000,S,S,87.58,2.42,-,-,-,N,Y,1.40E+21,No AR#,NA,NA,-,-,-,-,-,-,2,-
21,0,NA,2009-07-20T17:52:00.000,462,-166,2009-07-26T18:09:00.000,2009-07-24T06:20:00.000,2009-07-26T06:03:00.000,2009-07-25T05:48:00.000,S,S,63.66,1.98,-,-,-,Y,Y,9.00E+20,No AR#,NA,NA,-,-,-,-,-,-,2,-
22,4,NA,2009-07-27T06:00:16.000,-107,-494,2009-08-05T06:03:00.000,2009-07-29T18:07:00.000,2009-08-01T06:21:00.000,2009-07-31T18:03:00.000,S,S,215,2.8,-,-,-,-,-,-,No AR#,NA,NA,-,-,-,-,-,-,4,-
23,3,NA,2009-10-11T18:01:00.000,-45.6,-489,2009-10-21T06:03:00.000,2009-10-16T06:03:00.000,2009-10-20T17:55:00.000,2009-10-17T05:36:00.000,S,S,135,3.9,-,-,-,N,N,2.20E+21,No AR#,NA,NA,-,-,-,-,-,-,3,-
24,0,11040,2010-01-07T05:47:00.000,259,603,2010-01-17T18:17:00.000,2010-01-12T05:37:00.000,2010-01-15T03:53:00.000,2010-01-13T18:03:00.000,I,N,266.04,1.65,N,Y,Many,-,-,-,"B: 19, C: 3, M: 0, X: 0|B1.3 01/07 21:28|B1.4 01/08 17:46|B1.1 01/09 06:10|B2.1 01/09 07:52|B1.5 01/09 08:48|B3.6 01/09 11:14|C1.0 01/09 15:03|B6.1 01/09 22:58|B2.5 01/10 00:35|B4.4 01/10 02:50|B3.7 01/10 11:57|B6.1 01/11 12:01|C1.1 01/12 13:20|B3.0 01/14 01:21|B1.8 01/14 03:39|B2.2 01/14 04:36|B8.1 01/14 21:39|C1.3 01/15 08:41|B3.9 01/16 12:40|B1.9 01/16 17:23|B3.5 01/16 18:30|B1.5 01/16 20:57",NA,NA,-,-,-,-,-,-,3,-
25,3,11045,2010-02-05T17:50:00.000,-4.61,526,2010-02-12T18:03:00.000,2010-02-07T09:43:00.000,2010-02-09T06:03:00.000,2010-02-07T18:14:00.000,I,N,175,2.4,N,Y,Many,Y,N,1.50E+22,"B: 18, C: 30, M: 8, X: 0|B9.0 02/06 14:36|C3.4 02/06 15:39|M2.9 02/06 18:59|M1.3 02/06 21:37|C2.2 02/06 22:31|C2.7 02/06 22:59|M6.4 02/07 02:34|C1.1 02/07 03:29|C9.9 02/07 04:52|B6.3 02/07 06:48|B7.4 02/07 08:01|B8.3 02/07 18:36|C4.2 02/07 21:15|C4.2 02/07 21:39|C1.0 02/07 22:31|C1.4 02/08 00:16|B5.8 02/08 01:14|B7.0 02/08 01:29|B7.4 02/08 02:37|B8.3 02/08 02:52|C6.2 02/08 03:17|C2.4 02/08 03:58|C7.7 02/08 04:15|C8.6 02/08 05:23|C6.8 02/08 06:06|C1.9 02/08 07:03|M4.0 02/08 07:43|C1.9 02/08 08:07|C2.8 02/08 09:58|C1.8 02/08 11:14|M1.1 02/08 12:03|M2.0 02/08 13:47|C1.2 02/08 15:03|C1.3 02/08 15:36|C3.8 02/08 15:52|C1.3 02/08 17:07|B7.0 02/08 17:26|B7.7 02/08 17:49|C1.3 02/08 18:08|B7.8 02/08 18:25|C2.4 02/08 19:10|C1.7 02/08 19:38|B8.6 02/08 20:06|M1.0 02/08 21:23|C2.2 02/08 21:58|B8.4 02/08 22:39|B6.1 02/09 00:29|C2.7 02/09 01:25|C2.4 02/09 04:17|B6.5 02/09 08:49|B8.6 02/10 06:14|B4.8 02/10 07:09|C1.2 02/10 15:06|C3.7 02/10 15:14|B3.5 02/11 01:51|M1.1 02/12 18:08","02/06 + 03 hrs, 0218 km/s|02/07 + 03 hrs, 0339 km/s|02/08 + 01 hrs, 0194 km/s|02/08 + 00 hrs, 0225 km/s|02/10 + 01 hrs, 1201 km/s",http://sidc.oma.be/cactus/catalog/LASCO/2_5_0/2010/02/CME0003/CME.html|http://sidc.oma.be/cactus/catalog/LASCO/2_5_0/2010/02/CME0004/CME.html|http://sidc.oma.be/cactus/catalog/LASCO/2_5_0/2010/02/CME0005/CME.html|http://sidc.oma.be/cactus/catalog/LASCO/2_5_0/2010/02/CME0006/CME.html|http://sidc.oma.be/cactus/catalog/LASCO/2_5_0/2010/02/CME0007/CME.html,-,-,-,-,-,-,5,-
26,3,11047,2010-02-08T18:03:00.000,31.2,-166,2010-02-20T03:08:00.000,2010-02-11T18:03:00.000,2010-02-15T06:30:00.000,2010-02-14T06:03:00.000,S,S,95,2.3,N,Y,0,Y,Y,4.40E+21,"B: 0, C: 0, M: 0, X: 0",NA,NA,-,-,-,-,-,-,-,-
27,0,NA,2010-02-12T06:02:13.000,10.6,536,2010-02-21T05:54:00.000,2010-02-16T18:03:00.000,2010-02-18T15:40:00.000,2010-02-16T18:03:00.000,I,N,139.83,2.75,-,-,-,Y,Y,4.10E+21,No AR#,NA,NA,-,-,-,-,-,-,2,-
29,3,11051,2010-02-24T18:03:00.000,108,431,2010-03-05T19:38:00.000,2010-03-01T01:04:00.000,2010-03-03T05:33:00.000,2010-03-02T06:03:00.000,I,N,140,2.6,N,N,1,N,Y,4.40E+21,"B: 2, C: 0, M: 0, X: 0|B1.6 02/27 19:29|B1.1 02/27 22:24",NA,NA,-,-,-,-,-,-,5,-
30,1,11057,2010-03-24T06:33:00.000,46.6,395,2010-04-03T06:12:00.000,2010-03-27T09:18:00.000,2010-03-29T18:09:00.000,2010-03-29T06:23:00.000,S,N,226.13,2.54,N,N,Many,Y,Y,1.20E+22,"B: 11, C: 5, M: 0, X: 0|B7.3 03/25 04:33|B3.2 03/25 11:06|B3.6 03/25 14:13|B6.0 03/25 14:37|B4.5 03/25 15:04|B1.7 03/25 22:44|B3.0 03/26 02:23|C2.5 03/26 21:16|C1.2 03/27 05:15|C2.0 03/27 07:57|C1.5 03/27 10:14|B3.1 03/27 12:21|C3.8 03/27 18:29|B3.8 03/28 03:34|B3.3 03/28 09:37|B1.7 04/03 00:02",NA,NA,-,-,-,-,-,-,5,-
31,0,11059,2010-03-28T18:04:00.000,118,-271,2010-04-08T18:05:00.000,2010-04-02T06:08:00.000,2010-04-03T06:12:00.000,2010-04-03T06:12:00.000,S,S,231.27,5.54,N,Y,2,Y,Y,3.80E+21,"B: 1, C: 0, M: 0, X: 0|B7.4 04/03 09:54","04/03 + 01 hrs, 0517 km/s|04/03 + 01 hrs, 0303 km/s",http://sidc.oma.be/cactus/catalog/LASCO/2_5_0/2010/04/CME0003/CME.html|http://sidc.oma.be/cactus/catalog/LASCO/2_5_0/2010/04/CME0004/CME.html,-,-,-,-,-,-,3,-
32,3,NA,2010-04-20T05:52:00.000,-141,380,2010-04-30T18:22:00.000,2010-04-23T18:03:00.000,2010-04-26T18:05:00.000,2010-04-24T17:57:00.000,I,N,265,2.8,-,-,-,Y,N,9.50E+21,No AR#,NA,NA,-,-,-,-,-,-,9,-
33,1,NA,2010-04-26T06:03:00.000,170,-361,2010-05-04T06:03:00.000,2010-04-30T18:22:00.000,2010-05-01T05:36:00.000,2010-05-01T05:36:00.000,S,S,289.41,2.16,-,-,-,N,N,3.00E+21,No AR#,NA,NA,-,-,-,-,-,-,4,-
34,2,11066,2010-05-01T18:03:00.000,136,-335,2010-05-07T18:04:00.000,2010-05-03T17:45:00.000,2010-05-05T18:12:00.000,2010-05-04T17:53:00.000,I,S,101.09,2.65,N,N,0,Y,Y,1.80E+21,"B: 2, C: 0, M: 0, X: 0|B1.0 05/03 21:53|B4.0 05/05 16:18",NA,NA,-,-,-,-,-,-,2,-
35,3,11084,2010-06-27T18:19:00.000,393,-409,2010-07-07T10:00:00.000,2010-07-03T05:56:00.000,2010-07-07T18:00:00.000,2010-07-04T06:07:00.000,S,S,170,2.6,N,Y,1,N,Y,4.70E+21,"B: 1, C: 0, M: 0, X: 0|B1.0 07/01 20:58",NA,NA,-,-,-,-,-,-,10,-
36,2,11088,2010-07-11T16:13:00.000,108,-391,2010-07-18T06:33:00.000,2010-07-13T18:25:00.000,2010-07-16T05:49:00.000,2010-07-15T06:22:00.000,S,S,69.24,3.14,N,N,0,-,-,-,"B: 0, C: 0, M: 0, X: 0",NA,NA,-,-,-,-,-,-,5,-
037a,3,NA,2010-07-28T05:40:00.000,293,237,2010-07-18T23:10:00.000,2010-08-02T22:30:00.000,2010-08-04T01:30:00.000,2010-08-03T05:00:00.000,I,N,130,3.4,Y,N,0,Y,Y,1.20E+22,No AR#,NA,NA,0,N,-,-,M,11092 (37b),-,-
037b,3,11092,2010-07-28T01:30:00.000,12.4,146,2010-08-10T14:00:00.000,2010-08-02T06:03:00.000,2010-08-06T23:00:00.000,2010-08-04T06:06:00.000,I,N,275,2.8,Y,Y,1,N,Y,1.00E+22,"B: 11, C: 1, M: 0, X: 0|B6.0 07/29 01:38|B7.5 07/29 18:43|B9.0 07/30 02:27|B8.1 07/30 09:18|B4.7 07/30 20:25|B4.1 07/30 22:37|B4.8 07/31 05:29|B3.1 07/31 08:40|B7.4 07/31 19:09|C3.2 08/01 08:26|B1.8 08/02 17:25|B2.8 08/05 00:26",NA,NA,0,N,-,-,N,37a,-,-
39,3,11093,2010-08-04T00:00:00.000,-500.1,103,2010-08-16T23:00:00.000,2010-08-07T06:03:00.000,2010-08-14T20:30:00.000,2010-08-07T18:05:00.000,I,N,190,2,Y,Y,2,N,Y,1.30E+22,"B: 9, C: 1, M: 1, X: 0|B6.6 08/04 02:54|B6.5 08/04 09:20|B4.9 08/04 19:06|C1.3 08/05 21:35|B5.6 08/06 01:36|B4.5 08/06 02:07|M1.0 08/07 18:24|B2.1 08/08 07:51|B2.3 08/08 14:17|B1.8 08/09 02:25|B1.7 08/13 15:44","08/05 + 01 hrs, 0419 km/s|08/07 + 02 hrs, 0609 km/s",http://sidc.oma.be/cactus/catalog/LASCO/2_5_0/qkl/2010/08/CME0001/CME.html|http://sidc.oma.be/cactus/catalog/LASCO/2_5_0/qkl/2010/08/CME0008/CME.html,1,N,-,-,N,N,-,-
40,1,11101,2010-08-25T06:03:00.000,54.8,166,2010-09-01T18:19:00.000,2010-08-30T17:38:00.000,2010-09-01T18:19:00.000,2010-08-31T06:03:00.000,I,N,437.27,4.17,N,Nearby,1,N,Y,6.50E+21,"B: 2, C: 0, M: 0, X: 0|B2.6 08/26 10:53|B1.0 08/28 00:50",NA,NA,0,N,-,-,N,11102,4,-
41,1,11115,2010-10-16T18:22:00.000,-13,-576,2010-10-26T06:14:00.000,2010-10-20T06:03:00.000,2010-10-21T18:11:00.000,2010-10-21T06:25:00.000,S,S,152.14,4.24,N,Y,1,N,N,7.50E+21,"B: 6, C: 0, M: 0, X: 0|B2.6 10/19 12:43|B1.6 10/22 21:31|B1.8 10/22 22:49|B3.6 10/23 17:38|B6.3 10/26 03:16|B6.3 10/26 03:16",NA,NA,0,N,-,-,M,N,3,-
42,2,11118,2010-10-19T05:34:00.000,23.7,166,2010-10-26T06:14:00.000,2010-10-21T18:11:00.000,2010-10-24T18:25:00.000,2010-10-24T18:25:00.000,I,N,89.06,4.32,N,N,1,N,Y,2.20E+21,"B: 0, C: 0, M: 0, X: 0",NA,NA,0,N,-,-,N,11117,-,-
43,0,11128,2010-11-25T05:45:00.000,236,-291,2010-12-04T06:03:00.000,2010-11-29T18:04:00.000,2010-12-02T06:14:00.000,2010-12-01T18:03:00.000,S,S,137.53,2.44,N,Y,1,Y,Y,2.50E+21,"B: 0, C: 0, M: 0, X: 0",NA,NA,0,N,-,-,N,N,4,-
44,2,11133,2010-12-05T06:27:00.000,-89.2,281,2010-12-11T17:53:00.000,2010-12-09T18:03:00.000,2010-12-11T17:53:00.000,2010-12-10T06:17:00.000,I,N,252.4,1.88,N,N?,1,Y,Y,5.20E+21,"B: 1, C: 0, M: 0, X: 0|B1.9 12/07 07:39",NA,NA,0,N,-,-,Y,11131,4,-
045a,3,11157,2011-02-06T02:00:00.000,-361,443,2011-02-18T08:00:00.000,2011-02-08T02:30:00.000,2011-02-11T12:00:00.000,2011-02-11T18:03:00.000,S,N,105,1.4,Y,Y,1,Y,N,3.80E+21,"B: 2, C: 0, M: 0, X: 0|B4.3 02/09 05:47|B2.9 02/09 20:04",NA,NA,0,N,-,-,N,11155,-,First distinct s-shape in S45a
045b,3,11158,2011-02-11T00:30:00.000,80.3,-245,2011-02-21T04:00:00.000,2011-02-12T22:00:00.000,2011-02-17T23:40:00.000,2011-02-15T18:00:00.000,S,S,155,1.8,N,N,Multiple,Y,N,1.30E+22,"B: 1, C: 50, M: 5, X: 1|B8.5 02/13 00:42|C1.1 02/13 12:36|C4.7 02/13 13:56|M6.6 02/13 17:38|C1.6 02/14 02:42|C8.3 02/14 04:49|C6.6 02/14 06:58|C1.8 02/14 08:49|C1.7 02/14 12:00|C9.4 02/14 12:53|C7.0 02/14 14:27|M2.2 02/14 17:26|C6.6 02/14 19:30|C1.2 02/14 23:19|C2.7 02/14 23:46|X2.2 02/15 01:56|C4.8 02/15 14:44|C1.7 02/15 18:44|C6.6 02/15 20:33|C1.3 02/15 22:54|C2.2 02/16 02:00|C9.9 02/16 09:11|C3.2 02/16 10:32|C1.0 02/16 12:02|M1.6 02/16 14:25|C7.7 02/16 15:32|C1.3 02/16 19:36|C1.1 02/16 20:15|C4.2 02/16 21:11|C2.8 02/17 00:25|C6.1 02/17 01:46|C2.3 02/17 03:08|C1.5 02/17 04:15|C1.0 02/17 05:36|C1.2 02/17 06:47|C1.2 02/17 08:13|C1.9 02/17 09:30|C2.6 02/17 10:28|C2.4 02/17 12:36|C1.3 02/17 15:54|C1.1 02/17 21:35|C1.7 02/18 01:08|C8.5 02/18 06:33|M6.6 02/18 10:11|M1.4 02/18 13:03|C4.0 02/18 14:32|C5.0 02/18 15:05|C3.2 02/18 18:21|C1.3 02/19 01:37|C1.8 02/19 02:25|C1.9 02/19 07:44|C1.5 02/19 15:29|C1.9 02/19 16:30|C6.1 02/19 16:43|C1.9 02/19 21:13|C4.6 02/21 02:24|C1.8 02/21 03:15","02/13 + 01 hrs, 0405 km/s|02/13 + 01 hrs, 0208 km/s|02/13 + 01 hrs, 0267 km/s|02/13 + 01 hrs, 0419 km/s|02/14 + 01 hrs, 0245 km/s|02/14 + 00 hrs, 0510 km/s|02/14 + 02 hrs, 0212 km/s|02/14 + 01 hrs, 0211 km/s|02/14 + 02 hrs, 0238 km/s|02/15 + 02 hrs, 0469 km/s|02/15 + 01 hrs, 0443 km/s|02/15 + 00 hrs, 0309 km/s|02/15 + 00 hrs, 0318 km/s|02/15 + 00 hrs, 0258 km/s|02/15 + 01 hrs, 0478 km/s|02/16 + 03 hrs, 0337 km/s|02/16 + 03 hrs, 0300 km/s|02/16 + 03 hrs, 0548 km/s|02/17 + 00 hrs, 0210 km/s|02/17 + 02 hrs, 0431 km/s|02/17 + 01 hrs, 0273 km/s|02/17 + 01 hrs, 0285 km/s|02/18 + 03 hrs, 0232 km/s",http://sidc.oma.be/cactus/catalog/LASCO/2_5_0/2011/02/CME0021/CME.html|http://sidc.oma.be/cactus/catalog/LASCO/2_5_0/2011/02/CME0023/CME.html|http://sidc.oma.be/cactus/catalog/LASCO/2_5_0/2011/02/CME0024/CME.html|http://sidc.oma.be/cactus/catalog/LASCO/2_5_0/2011/02/CME0025/CME.html|http://sidc.oma.be/cactus/catalog/LASCO/2_5_0/2011/02/CME0027/CME.html|http://sidc.oma.be/cactus/catalog/LASCO/2_5_0/2011/02/CME0028/CME.html|http://sidc.oma.be/cactus/catalog/LASCO/2_5_0/2011/02/CME0029/CME.html|http://sidc.oma.be/cactus/catalog/LASCO/2_5_0/2011/02/CME0030/CME.html|http://sidc.oma.be/cactus/catalog/LASCO/2_5_0/2011/02/CME0031/CME.html|http://sidc.oma.be/cactus/catalog/LASCO/2_5_0/2011/02/CME0032/CME.html|http://sidc.oma.be/cactus/catalog/LASCO/2_5_0/2011/02/CME0033/CME.html|http://sidc.oma.be/cactus/catalog/LASCO/2_5_0/2011/02/CME0034/CME.html|http://sidc.oma.be/cactus/catalog/LASCO/2_5_0/2011/02/CME0035/CME.html|http://sidc.oma.be/cactus/catalog/LASCO/2_5_0/2011/02/CME0036/CME.html|http://sidc.oma.be/cactus/catalog/LASCO/2_5_0/2011/02/CME0037/CME.html|http://sidc.oma.be/cactus/catalog/LASCO/2_5_0/2011/02/CME0038/CME.html|http://sidc.oma.be/cactus/catalog/LASCO/2_5_0/2011/02/CME0039/CME.html|http://sidc.oma.be/cactus/catalog/LASCO/2_5_0/2011/02/CME0040/CME.html|http://sidc.oma.be/cactus/catalog/LASCO/2_5_0/2011/02/CME0041/CME.html|http://sidc.oma.be/cactus/catalog/LASCO/2_5_0/2011/02/CME0042/CME.html|http://sidc.oma.be/cactus/catalog/LASCO/2_5_0/2011/02/CME0043/CME.html|http://sidc.oma.be/cactus/catalog/LASCO/2_5_0/2011/02/CME0044/CME.html|http://sidc.oma.be/cactus/catalog/LASCO/2_5_0/2011/02/CME0045/CME.html,0,N,No,Weak,N,11156,-,-
46,3,11166,2011-03-03T00:00:00.000,-7.35,233,2011-03-15T23:00:00.000,2011-03-08T17:43:00.000,2011-03-09T20:48:00.000,2011-03-09T03:58:00.000,S,N,125,2.8,Y,Y,Multiple,Y,N,1.80E+22,"B: 4, C: 27, M: 4, X: 1|C5.1 03/06 12:09|C3.9 03/06 15:27|M1.9 03/07 14:30|C7.7 03/08 23:14|C9.4 03/09 08:55|M1.7 03/09 11:07|M1.7 03/09 14:02|C9.4 03/09 22:12|X1.5 03/09 23:23|C2.9 03/10 03:58|C6.2 03/10 07:12|C4.2 03/10 13:25|C4.7 03/10 13:46|C2.0 03/10 14:24|C2.8 03/11 02:29|C5.5 03/11 04:32|C3.0 03/11 07:03|C4.3 03/11 07:27|C2.0 03/11 11:15|C3.6 03/11 11:47|C1.1 03/11 16:07|C1.0 03/11 22:20|C1.0 03/11 22:43|M1.3 03/12 04:43|C2.2 03/12 12:29|C7.0 03/12 13:00|C9.6 03/12 15:29|C1.0 03/12 18:01|B9.0 03/12 21:47|C6.7 03/13 13:33|C6.4 03/13 14:42|B7.1 03/13 19:44|C4.0 03/14 00:20|B8.5 03/14 01:38|B6.3 03/14 02:47|C2.1 03/15 05:18",NA,NA,0,N,No,Yes,N,N,-,-
47,3,11169,2011-03-06T10:27:00.000,68.9,420,2011-03-17T17:00:00.000,2011-03-10T06:20:00.000,2011-03-13T21:38:00.000,2011-03-10T18:07:00.000,I,N,210,2.2,?,Y,Multiple,Y,N,1.05E+22,"B: 16, C: 19, M: 2, X: 0|C6.0 03/06 13:50|C2.7 03/09 16:48|C5.0 03/09 21:10|B9.3 03/12 09:07|C2.2 03/12 10:27|C1.2 03/12 17:38|C1.4 03/12 22:23|C2.2 03/12 22:51|B7.5 03/13 01:49|C1.7 03/13 21:59|C1.0 03/14 05:08|B8.7 03/14 10:42|B9.7 03/14 13:42|C2.2 03/14 16:09|B7.6 03/14 18:49|B6.6 03/14 19:17|M4.2 03/14 19:52|B7.4 03/14 22:59|C5.2 03/14 23:37|M1.0 03/15 00:22|B8.9 03/15 03:09|B7.5 03/15 04:20|C1.4 03/15 06:57|C1.5 03/15 08:52|C2.6 03/15 09:42|C1.1 03/15 11:25|B5.6 03/15 13:15|C2.9 03/15 17:35|B5.6 03/15 19:02|B5.3 03/15 21:59|B6.1 03/15 22:17|B7.5 03/16 03:40|B8.3 03/16 05:02|C1.3 03/16 08:47|C1.4 03/16 13:51|C3.7 03/16 20:34|B4.6 03/17 11:53",NA,NA,0,N,No,No,N,N,-,-
48,3,NA,2011-03-05T06:31:00.000,-55.4,-254,2011-03-13T21:38:00.000,2011-03-09T03:58:00.000,2011-03-12T18:00:00.000,2011-03-12T07:43:00.000,S,S,185,2.4,Y,Y,0,N,Y,2.60E+21,No AR#,NA,NA,0,N,-,-,Y,11171,-,-
49,1,11183,2011-03-28T06:03:00.000,37.9,351,2011-04-07T05:58:00.000,2011-03-31T18:02:00.000,2011-04-03T18:13:00.000,2011-04-02T06:03:00.000,I,N,267.76,2.53,N,Y,Many,N,Y,1.10E+22,"B: 5, C: 5, M: 0, X: 0|C1.1 03/29 05:15|C1.2 03/29 21:29|B9.6 03/30 07:01|C1.9 03/30 20:05|C1.2 03/31 02:02|B6.8 04/01 22:23|B4.6 04/02 03:26|B4.1 04/02 14:38|C1.2 04/03 05:19|B5.5 04/04 17:13","04/01 + 01 hrs, 0297 km/s",http://sidc.oma.be/cactus/catalog/LASCO/2_5_0/qkl/2011/04/CME0003/CME.html,0,N,-,-,N,11180,3,-
50,2,11187,2011-04-07T05:58:00.000,-454,-271,2011-04-17T17:54:00.000,2011-04-10T06:03:00.000,2011-04-11T18:15:00.000,2011-04-11T06:29:00.000,S,S,120.99,1.87,N,N,1,N,Y,2.30E+21,"B: 0, C: 0, M: 0, X: 0",NA,NA,0,N,-,-,N,N,4,-
052a,3,11216,2011-05-16T00:30:00.000,179,-285,2011-05-28T12:30:00.000,2011-05-19T23:38:00.000,2011-05-26T11:00:00.000,2011-05-23T04:30:00.000,S,S,205,2.4,Y,Y,1,Y,Y,6.00E+21,"B: 0, C: 0, M: 0, X: 0",NA,NA,0,Y,-,-,N,11218,-,-
052b,3,11218,2011-05-17T19:00:00.000,-55.4,-277,2011-05-30T17:30:00.000,2011-05-23T00:03:00.000,2011-05-24T23:27:00.000,2011-05-24T00:24:00.000,S,S,110,2.5,Y,Y,1,Y,Y,2.80E+21,"B: 5, C: 1, M: 0, X: 0|B2.7 05/18 05:33|B2.3 05/18 12:01|C1.2 05/18 12:59|B2.2 05/19 09:39|B1.9 05/25 04:30|B1.3 05/26 00:25",NA,NA,0,N,-,-,Y,11216,-,-
55,3,11236,2011-06-13T21:00:00.000,123,207,2011-06-26T15:00:00.000,2011-06-18T10:53:00.000,2011-06-21T06:00:00.000,2011-06-20T10:28:00.000,S,N,340,1.9,Y,Y,Multiple,N,Y,1.80E+22,"B: 14, C: 6, M: 1, X: 0|B7.1 06/13 22:19|C1.8 06/14 00:41|C2.2 06/14 11:29|B7.8 06/14 13:26|M1.3 06/14 21:47|C2.6 06/15 11:50|B7.9 06/15 13:50|B8.8 06/16 04:07|C7.1 06/16 10:22|C1.0 06/16 15:43|B6.3 06/16 23:16|B6.0 06/17 02:41|B4.8 06/18 10:42|B9.4 06/19 02:41|C7.7 06/21 03:25|B5.7 06/23 12:40|B4.3 06/23 14:07|B3.4 06/23 22:33|B4.4 06/24 15:49|B3.1 06/24 20:45|B4.3 06/25 10:20","06/14 + 06 hrs, 0456 km/s|06/15 + 04 hrs, 0459 km/s|06/16 + 00 hrs, 1205 km/s|06/21 + 02 hrs, 0552 km/s|06/21 + 01 hrs, 0453 km/s|06/21 + 01 hrs, 0185 km/s|06/24 + 01 hrs, 0584 km/s",http://sidc.oma.be/cactus/catalog/LASCO/2_5_0/2011/06/CME0073/CME.html|http://sidc.oma.be/cactus/catalog/LASCO/2_5_0/2011/06/CME0075/CME.html|http://sidc.oma.be/cactus/catalog/LASCO/2_5_0/2011/06/CME0076/CME.html|http://sidc.oma.be/cactus/catalog/LASCO/2_5_0/2011/06/CME0081/CME.html|http://sidc.oma.be/cactus/catalog/LASCO/2_5_0/2011/06/CME0082/CME.html|http://sidc.oma.be/cactus/catalog/LASCO/2_5_0/2011/06/CME0083/CME.html|http://sidc.oma.be/cactus/catalog/LASCO/2_5_0/2011/06/CME0088/CME.html,0,N,-,-,Y,11239,-,-
56,3,11289,2011-09-06T14:00:00.000,151,247,2011-09-20T09:00:00.000,2011-09-11T18:00:00.000,2011-09-16T06:03:00.000,2011-09-13T07:04:00.000,I,N,320,4.2,Y,Y,Multiple,Y,Y,1.30E+22,"B: 2, C: 3, M: 0, X: 0|C2.5 09/08 18:46|B8.7 09/09 20:08|B6.5 09/10 01:56|C1.7 09/10 17:26|C2.6 09/16 23:51","09/10 + 02 hrs, 0492 km/s|09/10 + 01 hrs, 0390 km/s|09/10 + 01 hrs, 0223 km/s|09/16 + 04 hrs, 0419 km/s",http://sidc.oma.be/cactus/catalog/LASCO/2_5_0/2011/09/CME0047/CME.html|http://sidc.oma.be/cactus/catalog/LASCO/2_5_0/2011/09/CME0048/CME.html|http://sidc.oma.be/cactus/catalog/LASCO/2_5_0/2011/09/CME0049/CME.html|http://sidc.oma.be/cactus/catalog/LASCO/2_5_0/2011/09/CME0075/CME.html,0,N,No,Yes,N,11293,-,-
57,0,11309,2011-10-02T06:03:00.000,-140,287,2011-10-15T06:00:00.000,2011-10-07T05:59:00.000,2011-10-11T06:29:00.000,2011-10-07T18:03:00.000,I,N,261.66,3.27,N,N,1,-,-,-,"B: 0, C: 1, M: 0, X: 0|C1.1 10/08 04:20",NA,NA,0,N,-,-,N,N,9+,-
58,0,11313,2011-10-02T18:10:00.000,312,-337,2011-10-13T18:08:00.000,2011-10-06T17:40:00.000,2011-10-10T17:57:00.000,2011-10-10T06:03:00.000,S,S,166.73,3.57,N,N,Many,-,-,-,"B: 2, C: 12, M: 0, X: 0|C1.1 10/05 03:53|C2.3 10/05 07:43|C6.1 10/05 11:22|C9.2 10/05 12:42|C1.4 10/06 04:18|C1.2 10/07 01:21|B9.8 10/08 08:19|B7.0 10/08 09:17|C3.8 10/10 07:19|C1.0 10/10 09:17|C1.4 10/10 11:42|C4.5 10/10 14:35|C1.0 10/13 09:46|C2.2 10/13 12:23","10/05 + 03 hrs, 0363 km/s|10/05 + 03 hrs, 0428 km/s|10/05 + 01 hrs, 0419 km/s|10/05 + 02 hrs, 0694 km/s|10/05 + 01 hrs, 0543 km/s|10/05 + 01 hrs, 0393 km/s|10/05 + 00 hrs, 0541 km/s|10/06 + 01 hrs, 0710 km/s|10/13 + 02 hrs, 0351 km/s",http://sidc.oma.be/cactus/catalog/LASCO/2_5_0/2011/10/CME0023/CME.html|http://sidc.oma.be/cactus/catalog/LASCO/2_5_0/2011/10/CME0024/CME.html|http://sidc.oma.be/cactus/catalog/LASCO/2_5_0/2011/10/CME0025/CME.html|http://sidc.oma.be/cactus/catalog/LASCO/2_5_0/2011/10/CME0026/CME.html|http://sidc.oma.be/cactus/catalog/LASCO/2_5_0/2011/10/CME0027/CME.html|http://sidc.oma.be/cactus/catalog/LASCO/2_5_0/2011/10/CME0028/CME.html|http://sidc.oma.be/cactus/catalog/LASCO/2_5_0/2011/10/CME0029/CME.html|http://sidc.oma.be/cactus/catalog/LASCO/2_5_0/2011/10/CME0033/CME.html|http://sidc.oma.be/cactus/catalog/LASCO/2_5_0/2011/10/CME0052/CME.html,0,N,-,-,N,Y,-,to the right of the bright region
59,0,11337,2011-10-31T18:03:00.000,-35.6,181,2011-11-10T05:54:00.000,2011-11-03T06:03:00.000,2011-11-06T06:08:00.000,2011-11-05T06:04:00.000,S,N,282.97,2.44,N,Y,0,-,-,-,"B: 0, C: 0, M: 0, X: 0",NA,NA,0,Y,-,-,N,11336,-,in between two round regions
60,2,11355,2011-11-18T17:57:00.000,26.6,181,2011-11-29T18:03:00.000,2011-11-24T06:03:00.000,2011-11-25T18:08:00.000,2011-11-24T18:03:00.000,I,N,381.18,2.95,N,Y,1,N,Y,1.20E+22,"B: 0, C: 1, M: 0, X: 0|C1.7 11/19 07:57",NA,NA,0,N,-,-,N,"11353, 11356",-,"to the north, the rightmost of three in a row"
61,0,11380,2011-12-18T06:03:00.000,111,-377,2011-12-29T15:33:00.000,2011-12-22T06:38:00.000,2011-12-25T00:00:00.000,2011-12-24T03:43:00.000,S,S,204.53,2.41,N,N,0,Y,N,5.50E+21,"B: 0, C: 0, M: 0, X: 0",NA,NA,0,N,-,-,Y,11385,-,south central region
62,0,11397,2012-01-12T18:09:00.000,391,-311,2012-01-22T06:03:00.000,2012-01-14T18:02:00.000,2012-01-19T06:03:00.000,2012-01-18T05:43:00.000,S,S,135.38,2.91,N,N,0,Y,Y,1.80E+21,"B: 0, C: 0, M: 0, X: 0",NA,NA,0,N,-,-,N,N,6,-
64,3,11436,2012-03-15T20:30:00.000,-103,-95.4,2012-03-25T08:00:00.000,2012-03-19T18:25:00.000,2012-03-23T00:57:00.000,2012-03-21T06:15:00.000,S,S,130,3.4,Y,N,0,N,Y,2.70E+21,"B: 0, C: 0, M: 0, X: 0",NA,NA,0,N,-,-,N,N,-,-
65,3,11471,2012-04-27T17:00:00.000,176,-303,2012-05-11T11:00:00.000,2012-05-04T05:30:00.000,2012-05-09T15:30:00.000,2012-05-05T12:00:00.000,S,S,230,2.7,Y,Y,Multiple,N,Y,1.00E+22,"B: 3, C: 8, M: 1, X: 0|C1.0 04/29 14:08|C2.4 04/30 02:59|B8.9 04/30 06:06|C2.4 04/30 09:17|C5.6 04/30 10:26|C1.2 04/30 14:36|B5.7 05/01 17:14|B7.6 05/03 05:26|C1.5 05/04 14:50|C1.2 05/05 21:14|C1.1 05/07 10:33|M1.9 05/07 14:31","05/01 + 01 hrs, 0423 km/s|04/30 + 06 hrs, 0115 km/s|04/30 + 03 hrs, 0226 km/s|04/30 + 02 hrs, 0762 km/s|04/30 + 04 hrs, 0150 km/s|04/30 + 02 hrs, 0403 km/s|04/30 + 01 hrs, 0318 km/s|04/30 + 01 hrs, 0238 km/s",http://sidc.oma.be/cactus/catalog/LASCO/2_5_0/qkl/2012/05/CME0004/CME.html|http://sidc.oma.be/cactus/catalog/LASCO/2_5_0/qkl/2012/04/CME0149/CME.html|http://sidc.oma.be/cactus/catalog/LASCO/2_5_0/qkl/2012/04/CME0150/CME.html|http://sidc.oma.be/cactus/catalog/LASCO/2_5_0/qkl/2012/04/CME0151/CME.html|http://sidc.oma.be/cactus/catalog/LASCO/2_5_0/qkl/2012/04/CME0152/CME.html|http://sidc.oma.be/cactus/catalog/LASCO/2_5_0/qkl/2012/04/CME0153/CME.html|http://sidc.oma.be/cactus/catalog/LASCO/2_5_0/qkl/2012/04/CME0154/CME.html|http://sidc.oma.be/cactus/catalog/LASCO/2_5_0/qkl/2012/04/CME0155/CME.html,0,N,No,No,Y,"11470, 11472",-,-
66,3,11474,2012-05-03T00:30:00.000,-191,307,2012-05-14T16:30:00.000,2012-05-04T20:30:00.000,2012-05-11T15:45:00.000,2012-05-07T09:45:00.000,I,N,155,3.1,Y,Y,1,N,N,7.00E+21,"B: 2, C: 2, M: 0, X: 0|C1.6 05/04 21:02|C3.4 05/05 18:07|B7.3 05/08 08:04|B8.5 05/10 00:51",NA,NA,0,N,-,-,Y,11475,-,-
67,-,11504,2012-06-07T16:00:00.000,100,-343,2012-06-22T01:30:00.000,2012-06-12T15:30:00.000,2012-06-19T03:30:00.000,2012-06-15T13:30:00.000,S,S,291.83,3.42,-,Y,3,Y,Y,2.10E+22,"B: 4, C: 39, M: 5, X: 0|M1.9 06/09 11:32|M1.8 06/09 16:53|C1.1 06/10 04:51|M1.3 06/10 06:45|C1.3 06/10 18:15|C2.3 06/10 19:51|C1.1 06/10 23:21|C2.0 06/12 06:43|C1.3 06/12 07:14|C1.6 06/12 09:10|C1.1 06/12 12:18|C2.2 06/13 03:20|C1.3 06/13 06:21|C2.7 06/13 09:19|C1.3 06/13 09:39|M1.2 06/13 13:17|C6.8 06/13 19:26|C2.0 06/14 07:37|C2.5 06/14 10:50|C5.0 06/14 11:12|C2.6 06/14 12:37|M1.9 06/14 14:35|C4.0 06/14 20:52|C3.0 06/15 00:52|C3.4 06/15 13:24|C1.1 06/15 15:50|C2.0 06/15 18:16|C2.4 06/16 00:48|B8.8 06/16 01:25|C1.8 06/16 14:53|C1.0 06/17 17:28|C3.9 06/17 17:40|C1.0 06/17 19:57|C1.8 06/17 21:39|C1.1 06/17 22:18|C1.2 06/17 23:42|C1.6 06/18 00:59|C1.1 06/19 04:45|C1.2 06/19 13:35|C1.0 06/19 14:18|C1.2 06/20 02:03|C1.0 06/20 04:21|C1.3 06/20 05:58|B6.7 06/20 06:40|C1.5 06/20 11:08|B7.8 06/20 15:53|C3.1 06/20 16:28|B7.0 06/21 18:14","06/09 + 01 hrs, 0694 km/s|06/09 + 01 hrs, 0496 km/s|06/10 + 01 hrs, 0529 km/s|06/10 + 02 hrs, 0520 km/s|06/10 + 01 hrs, 0446 km/s|06/10 + 03 hrs, 0395 km/s|06/10 + 01 hrs, 0326 km/s|06/10 + 01 hrs, 0198 km/s|06/10 + 01 hrs, 1116 km/s|06/12 + 02 hrs, 0547 km/s|06/12 + 03 hrs, 0625 km/s|06/12 + 02 hrs, 0218 km/s|06/13 + 02 hrs, 0226 km/s|06/13 + 01 hrs, 0188 km/s|06/13 + 04 hrs, 0456 km/s|06/13 + 03 hrs, 0430 km/s|06/14 + 04 hrs, 0437 km/s|06/14 + 02 hrs, 0553 km/s|06/14 + 01 hrs, 0454 km/s|06/15 + 01 hrs, 0743 km/s|06/15 + 03 hrs, 0326 km/s|06/15 + 01 hrs, 0190 km/s|06/15 + 01 hrs, 0230 km/s|06/15 + 02 hrs, 1562 km/s|06/15 + 02 hrs, 0390 km/s|06/16 + 01 hrs, 0299 km/s|06/17 + 01 hrs, 0428 km/s|06/17 + 00 hrs, 0312 km/s|06/17 + 02 hrs, 0347 km/s|06/17 + 01 hrs, 0110 km/s|06/17 + 02 hrs, 0355 km/s|06/17 + 02 hrs, 0329 km/s|06/18 + 02 hrs, 0282 km/s|06/19 + 01 hrs, 0358 km/s|06/19 + 01 hrs, 0178 km/s|06/19 + 01 hrs, 0153 km/s|06/20 + 00 hrs, 1736 km/s",http://sidc.oma.be/cactus/catalog/LASCO/2_5_0/qkl/2012/06/CME0064/CME.html|http://sidc.oma.be/cactus/catalog/LASCO/2_5_0/qkl/2012/06/CME0065/CME.html|http://sidc.oma.be/cactus/catalog/LASCO/2_5_0/qkl/2012/06/CME0069/CME.html|http://sidc.oma.be/cactus/catalog/LASCO/2_5_0/qkl/2012/06/CME0070/CME.html|http://sidc.oma.be/cactus/catalog/LASCO/2_5_0/qkl/2012/06/CME0071/CME.html|http://sidc.oma.be/cactus/catalog/LASCO/2_5_0/qkl/2012/06/CME0072/CME.html|http://sidc.oma.be/cactus/catalog/LASCO/2_5_0/qkl/2012/06/CME0073/CME.html|http://sidc.oma.be/cactus/catalog/LASCO/2_5_0/qkl/2012/06/CME0074/CME.html|http://sidc.oma.be/cactus/catalog/LASCO/2_5_0/qkl/2012/06/CME0075/CME.html|http://sidc.oma.be/cactus/catalog/LASCO/2_5_0/qkl/2012/06/CME0083/CME.html|http://sidc.oma.be/cactus/catalog/LASCO/2_5_0/qkl/2012/06/CME0084/CME.html|http://sidc.oma.be/cactus/catalog/LASCO/2_5_0/qkl/2012/06/CME0085/CME.html|http://sidc.oma.be/cactus/catalog/LASCO/2_5_0/qkl/2012/06/CME0090/CME.html|http://sidc.oma.be/cactus/catalog/LASCO/2_5_0/qkl/2012/06/CME0091/CME.html|http://sidc.oma.be/cactus/catalog/LASCO/2_5_0/qkl/2012/06/CME0092/CME.html|http://sidc.oma.be/cactus/catalog/LASCO/2_5_0/qkl/2012/06/CME0093/CME.html|http://sidc.oma.be/cactus/catalog/LASCO/2_5_0/qkl/2012/06/CME0095/CME.html|http://sidc.oma.be/cactus/catalog/LASCO/2_5_0/qkl/2012/06/CME0096/CME.html|http://sidc.oma.be/cactus/catalog/LASCO/2_5_0/qkl/2012/06/CME0097/CME.html|http://sidc.oma.be/cactus/catalog/LASCO/2_5_0/qkl/2012/06/CME0098/CME.html|http://sidc.oma.be/cactus/catalog/LASCO/2_5_0/qkl/2012/06/CME0099/CME.html|http://sidc.oma.be/cactus/catalog/LASCO/2_5_0/qkl/2012/06/CME0100/CME.html|http://sidc.oma.be/cactus/catalog/LASCO/2_5_0/qkl/2012/06/CME0101/CME.html|http://sidc.oma.be/cactus/catalog/LASCO/2_5_0/qkl/2012/06/CME0102/CME.html|http://sidc.oma.be/cactus/catalog/LASCO/2_5_0/qkl/2012/06/CME0103/CME.html|http://sidc.oma.be/cactus/catalog/LASCO/2_5_0/qkl/2012/06/CME0104/CME.html|http://sidc.oma.be/cactus/catalog/LASCO/2_5_0/qkl/2012/06/CME0112/CME.html|http://sidc.oma.be/cactus/catalog/LASCO/2_5_0/qkl/2012/06/CME0113/CME.html|http://sidc.oma.be/cactus/catalog/LASCO/2_5_0/qkl/2012/06/CME0114/CME.html|http://sidc.oma.be/cactus/catalog/LASCO/2_5_0/qkl/2012/06/CME0115/CME.html|http://sidc.oma.be/cactus/catalog/LASCO/2_5_0/qkl/2012/06/CME0116/CME.html|http://sidc.oma.be/cactus/catalog/LASCO/2_5_0/qkl/2012/06/CME0117/CME.html|http://sidc.oma.be/cactus/catalog/LASCO/2_5_0/qkl/2012/06/CME0118/CME.html|http://sidc.oma.be/cactus/catalog/LASCO/2_5_0/qkl/2012/06/CME0123/CME.html|http://sidc.oma.be/cactus/catalog/LASCO/2_5_0/qkl/2012/06/CME0124/CME.html|http://sidc.oma.be/cactus/catalog/LASCO/2_5_0/qkl/2012/06/CME0125/CME.html|http://sidc.oma.be/cactus/catalog/LASCO/2_5_0/qkl/2012/06/CME0126/CME.html,0,N,-,-,N,"11505, 11507, 11508",-,-
68,-,11540,2012-08-02T12:00:00.000,35.1,-541,2012-08-14T16:00:00.000,2012-08-07T09:30:00.000,2012-08-09T18:30:00.000,2012-08-08T15:00:00.000,S,S,114.95,2.19,-,Y,Many,Y,Y,6.50E+21,"B: 2, C: 3, M: 1, X: 0|C1.4 08/03 16:27|C1.7 08/08 04:06|M1.0 08/11 12:20|C1.4 08/13 09:30|B6.3 08/13 21:59|B6.3 08/13 21:59","08/11 + 02 hrs, 0376 km/s|08/13 + 02 hrs, 0676 km/s",http://sidc.oma.be/cactus/catalog/LASCO/2_5_0/qkl/2012/08/CME0041/CME.html|http://sidc.oma.be/cactus/catalog/LASCO/2_5_0/qkl/2012/08/CME0049/CME.html,0,N,-,-,N,"11541, 11539",-,-
69,-,11560,2012-08-29T11:00:00.000,-29.9,-98.3,2012-09-08T06:30:00.000,2012-08-30T21:00:00.000,2012-09-04T18:00:00.000,2012-09-01T12:30:00.000,I,E,212.1,3.68,-,M,Many,Y,Y,9.50E+21,"B: 2, C: 18, M: 1, X: 0|C1.5 08/31 04:12|C2.9 08/31 07:21|C1.9 08/31 10:04|C2.9 09/02 01:58|C5.5 09/02 18:10|C1.2 09/03 00:47|C1.3 09/03 16:35|B9.6 09/03 18:29|C1.3 09/03 20:27|C1.5 09/05 02:34|C1.1 09/05 16:18|C1.1 09/05 23:56|C1.2 09/06 01:14|C1.9 09/06 02:06|C1.8 09/06 03:16|M1.6 09/06 04:13|C1.3 09/06 09:56|C1.0 09/06 11:58|C8.0 09/06 15:21|B8.4 09/06 21:45|C1.6 09/07 00:28","09/02 + 01 hrs, 0452 km/s|09/02 + 01 hrs, 0529 km/s|09/02 + 00 hrs, 0427 km/s|09/02 + 01 hrs, 0416 km/s|09/03 + 01 hrs, 0470 km/s|09/05 + 02 hrs, 0140 km/s|09/05 + 02 hrs, 0200 km/s|08/31 + 02 hrs, 0521 km/s|08/31 + 01 hrs, 0702 km/s",http://sidc.oma.be/cactus/catalog/LASCO/2_5_0/qkl/2012/09/CME0007/CME.html|http://sidc.oma.be/cactus/catalog/LASCO/2_5_0/qkl/2012/09/CME0008/CME.html|http://sidc.oma.be/cactus/catalog/LASCO/2_5_0/qkl/2012/09/CME0009/CME.html|http://sidc.oma.be/cactus/catalog/LASCO/2_5_0/qkl/2012/09/CME0013/CME.html|http://sidc.oma.be/cactus/catalog/LASCO/2_5_0/qkl/2012/09/CME0018/CME.html|http://sidc.oma.be/cactus/catalog/LASCO/2_5_0/qkl/2012/09/CME0023/CME.html|http://sidc.oma.be/cactus/catalog/LASCO/2_5_0/qkl/2012/09/CME0024/CME.html|http://sidc.oma.be/cactus/catalog/LASCO/2_5_0/qkl/2012/08/CME0143/CME.html|http://sidc.oma.be/cactus/catalog/LASCO/2_5_0/qkl/2012/08/CME0144/CME.html,0,N,-,-,Y,"11558, 11561",-,-
70,-,11567,2012-09-05T01:00:00.000,-80.9,115,2012-09-17T23:59:00.000,2012-09-11T10:00:00.000,2012-09-13T19:30:00.000,2012-09-11T15:30:00.000,I,N,187.86,2.69,-,Y,0,Y,Y,4.10E+21,"B: 1, C: 4, M: 0, X: 0|C1.6 09/10 10:23|C1.1 09/11 09:32|C1.1 09/11 09:32|B5.6 09/17 06:49|C1.1 09/17 09:08",NA,NA,0,N,-,-,N,11566,-,-
71,-,11571,2012-09-11T08:30:00.000,-214,-357,2012-09-22T23:59:00.000,2012-09-14T15:00:00.000,2012-09-20T17:00:00.000,2012-09-16T15:00:00.000,S,S,181.51,3.05,-,Y,1,N,Y,6.00E+21,"B: 0, C: 0, M: 0, X: 0",NA,NA,0,N,-,-,Y,11569,-,-
73,NSMD,11594,2012-10-14T03:30:00.000,185,-550,2012-10-27T19:00:00.000,2012-10-19T14:00:00.000,2012-10-23T15:30:00.000,2012-10-21T15:30:00.000,S,S,187.55,1.82,-,-,-,N,Y,1.05E+22,"B: 3, C: 8, M: 0, X: 0|C1.0 10/16 23:10|C1.3 10/17 12:21|C1.7 10/19 18:51|C1.0 10/25 07:34|B7.9 10/25 09:35|C1.8 10/26 11:43|C1.6 10/26 13:04|C1.0 10/26 21:59|C1.1 10/27 04:11|B7.2 10/27 07:48|B7.3 10/27 16:51","10/19 + 01 hrs, 0391 km/s|10/19 + 01 hrs, 0418 km/s|10/26 + 02 hrs, 0600 km/s|10/26 + 02 hrs, 0362 km/s|10/27 + 01 hrs, 0336 km/s",http://sidc.oma.be/cactus/catalog/LASCO/2_5_0/qkl/2012/10/CME0071/CME.html|http://sidc.oma.be/cactus/catalog/LASCO/2_5_0/qkl/2012/10/CME0072/CME.html|http://sidc.oma.be/cactus/catalog/LASCO/2_5_0/qkl/2012/10/CME0083/CME.html|http://sidc.oma.be/cactus/catalog/LASCO/2_5_0/qkl/2012/10/CME0084/CME.html|http://sidc.oma.be/cactus/catalog/LASCO/2_5_0/qkl/2012/10/CME0086/CME.html,0,N,-,-,N,Y,-,-
74,NSMD,11608,2012-11-04T18:30:00.000,-358,-455,2012-11-14T23:59:00.000,2012-11-08T21:00:00.000,2012-11-10T10:30:00.000,2012-11-09T06:00:00.000,S,S,182.57,3.6,-,-,-,Y,N,1.00E+22,"B: 0, C: 1, M: 0, X: 0|C2.0 11/10 05:04","11/10 + 01 hrs, 0679 km/s",http://sidc.oma.be/cactus/catalog/LASCO/2_5_0/qkl/2012/11/CME0036/CME.html,1,N,-,-,N,11610,-,-
75,NSMD,11612,2012-11-08T04:00:00.000,142,94.5,2012-11-20T23:00:00.000,2012-11-11T03:00:00.000,2012-11-17T16:30:00.000,2012-11-15T13:30:00.000,I,N,234.66,3.45,-,-,-,-,-,-,"B: 0, C: 0, M: 0, X: 0",NA,NA,0,N,-,-,N,11611,-,-
76,NSMD,11613,2012-11-10T10:00:00.000,-112,-495,2012-11-18T16:00:00.000,2012-11-16T05:30:00.000,2012-11-16T23:00:00.000,2012-11-16T07:30:00.000,S,S,178.96,3.4,-,-,-,N,Y,1.00E+22,"B: 0, C: 19, M: 5, X: 0|C2.0 11/12 18:51|C2.5 11/12 21:39|C1.2 11/12 22:41|M2.0 11/12 23:28|C4.3 11/13 00:22|C3.5 11/13 01:18|M6.0 11/13 02:04|C1.0 11/13 04:34|M2.5 11/13 05:50|C3.4 11/13 06:56|C3.1 11/13 10:12|C1.8 11/13 17:43|M2.8 11/13 20:54|C1.7 11/14 03:16|M1.1 11/14 04:04|C1.0 11/14 05:02|C1.3 11/14 23:41|C2.8 11/15 08:02|C2.1 11/15 14:30|C1.0 11/15 20:21|C1.4 11/16 07:51|C1.2 11/17 04:08|C2.8 11/17 18:10|C1.0 11/18 08:15","11/13 + 02 hrs, 0786 km/s|11/13 + 02 hrs, 0383 km/s|11/13 + 01 hrs, 0419 km/s|11/13 + 01 hrs, 0694 km/s|11/13 + 01 hrs, 0830 km/s|11/13 + 01 hrs, 0793 km/s|11/13 + 01 hrs, 0383 km/s|11/14 + 07 hrs, 0231 km/s|11/14 + 01 hrs, 0744 km/s|11/14 + 01 hrs, 0443 km/s|11/14 + 01 hrs, 0551 km/s|11/14 + 01 hrs, 0694 km/s|11/15 + 01 hrs, 0606 km/s|11/15 + 01 hrs, 0406 km/s|11/15 + 01 hrs, 0606 km/s|11/15 + 01 hrs, 0398 km/s|11/16 + 04 hrs, 0488 km/s|11/16 + 06 hrs, 0422 km/s|11/17 + 00 hrs, 0212 km/s|11/17 + 01 hrs, 0395 km/s",http://sidc.oma.be/cactus/catalog/LASCO/2_5_0/qkl/2012/11/CME0047/CME.html|http://sidc.oma.be/cactus/catalog/LASCO/2_5_0/qkl/2012/11/CME0048/CME.html|http://sidc.oma.be/cactus/catalog/LASCO/2_5_0/qkl/2012/11/CME0049/CME.html|http://sidc.oma.be/cactus/catalog/LASCO/2_5_0/qkl/2012/11/CME0050/CME.html|http://sidc.oma.be/cactus/catalog/LASCO/2_5_0/qkl/2012/11/CME0051/CME.html|http://sidc.oma.be/cactus/catalog/LASCO/2_5_0/qkl/2012/11/CME0052/CME.html|http://sidc.oma.be/cactus/catalog/LASCO/2_5_0/qkl/2012/11/CME0053/CME.html|http://sidc.oma.be/cactus/catalog/LASCO/2_5_0/qkl/2012/11/CME0054/CME.html|http://sidc.oma.be/cactus/catalog/LASCO/2_5_0/qkl/2012/11/CME0055/CME.html|http://sidc.oma.be/cactus/catalog/LASCO/2_5_0/qkl/2012/11/CME0056/CME.html|http://sidc.oma.be/cactus/catalog/LASCO/2_5_0/qkl/2012/11/CME0057/CME.html|http://sidc.oma.be/cactus/catalog/LASCO/2_5_0/qkl/2012/11/CME0059/CME.html|http://sidc.oma.be/cactus/catalog/LASCO/2_5_0/qkl/2012/11/CME0061/CME.html|http://sidc.oma.be/cactus/catalog/LASCO/2_5_0/qkl/2012/11/CME0062/CME.html|http://sidc.oma.be/cactus/catalog/LASCO/2_5_0/qkl/2012/11/CME0063/CME.html|http://sidc.oma.be/cactus/catalog/LASCO/2_5_0/qkl/2012/11/CME0064/CME.html|http://sidc.oma.be/cactus/catalog/LASCO/2_5_0/qkl/2012/11/CME0067/CME.html|http://sidc.oma.be/cactus/catalog/LASCO/2_5_0/qkl/2012/11/CME0068/CME.html|http://sidc.oma.be/cactus/catalog/LASCO/2_5_0/qkl/2012/11/CME0074/CME.html|http://sidc.oma.be/cactus/catalog/LASCO/2_5_0/qkl/2012/11/CME0077/CME.html,1,N,-,-,Y,Y,-,-
77,NSMD,11621,2012-11-25T14:00:00.000,-166,247,2012-12-08T19:30:00.000,2012-11-28T22:29:00.000,2012-12-02T23:00:00.000,2012-11-30T12:30:00.000,I,N,230.04,3.08,-,-,-,-,-,-,"B: 4, C: 1, M: 0, X: 0|B8.6 12/05 17:51|B2.0 12/07 05:19|B4.8 12/07 10:07|B2.6 12/07 14:32|C3.9 12/07 21:21","12/05 + 02 hrs, 0138 km/s|12/07 + 02 hrs, 0612 km/s|12/07 + 01 hrs, 0141 km/s|12/07 + 03 hrs, 0399 km/s",http://sidc.oma.be/cactus/catalog/LASCO/2_5_0/qkl/2012/12/CME0016/CME.html|http://sidc.oma.be/cactus/catalog/LASCO/2_5_0/qkl/2012/12/CME0020/CME.html|http://sidc.oma.be/cactus/catalog/LASCO/2_5_0/qkl/2012/12/CME0021/CME.html|http://sidc.oma.be/cactus/catalog/LASCO/2_5_0/qkl/2012/12/CME0024/CME.html,0,N,-,-,N,N,-,-
78,-,11514,2012-06-26T08:30:00.000,-318,-326,2012-07-09T07:30:00.000,2012-06-29T19:00:00.000,2012-07-02T17:30:00.000,2012-07-01T05:00:00.000,I,S,235.19,3.97,-,N,0,-,-,-,"B: 1, C: 7, M: 0, X: 0|B6.2 06/28 03:23|C4.4 06/30 08:30|C2.7 06/30 10:57|C2.4 07/01 15:32|C2.9 07/02 10:37|C1.8 07/02 12:28|C6.1 07/04 04:10|C4.4 07/08 03:32","07/01 + 01 hrs, 0558 km/s|07/02 + 02 hrs, 0246 km/s|07/02 + 01 hrs, 0892 km/s|07/02 + 04 hrs, 0258 km/s|07/04 + 02 hrs, 0307 km/s|07/08 + 01 hrs, 0434 km/s|07/08 + 03 hrs, 0188 km/s|06/30 + 01 hrs, 0446 km/s|06/30 + 01 hrs, 0379 km/s",http://sidc.oma.be/cactus/catalog/LASCO/2_5_0/qkl/2012/07/CME0005/CME.html|http://sidc.oma.be/cactus/catalog/LASCO/2_5_0/qkl/2012/07/CME0009/CME.html|http://sidc.oma.be/cactus/catalog/LASCO/2_5_0/qkl/2012/07/CME0010/CME.html|http://sidc.oma.be/cactus/catalog/LASCO/2_5_0/qkl/2012/07/CME0011/CME.html|http://sidc.oma.be/cactus/catalog/LASCO/2_5_0/qkl/2012/07/CME0025/CME.html|http://sidc.oma.be/cactus/catalog/LASCO/2_5_0/qkl/2012/07/CME0051/CME.html|http://sidc.oma.be/cactus/catalog/LASCO/2_5_0/qkl/2012/07/CME0052/CME.html|http://sidc.oma.be/cactus/catalog/LASCO/2_5_0/qkl/2012/06/CME0198/CME.html|http://sidc.oma.be/cactus/catalog/LASCO/2_5_0/qkl/2012/06/CME0199/CME.html,0,N,-,-,Y,11515,-,-
79,-,11520,2012-07-07T06:29:03.000,-80.9,-360,2012-07-20T14:59:03.000,2012-07-10T15:59:36.000,2012-07-16T04:30:03.000,2012-07-12T07:30:00.000,S,S,182.19,2.94,-,Y,6,-,-,-,"B: 0, C: 26, M: 6, X: 1|M1.0 07/07 08:28|C6.1 07/08 13:02|C8.8 07/08 17:34|C6.6 07/08 19:24|C2.2 07/09 22:17|M1.1 07/09 23:07|C3.9 07/10 03:43|M1.7 07/10 05:14|M2.0 07/10 06:27|C5.5 07/10 12:24|C4.6 07/10 12:44|C5.6 07/10 15:45|C3.2 07/10 20:14|C1.9 07/11 16:02|C5.6 07/11 22:27|C4.0 07/12 01:36|C3.1 07/12 08:05|X1.4 07/12 16:49|C1.5 07/13 11:11|C1.3 07/13 19:04|C2.4 07/13 22:10|C3.2 07/14 10:39|C2.4 07/14 14:16|C2.5 07/14 15:44|C3.5 07/15 21:49|C2.2 07/16 13:10|C1.8 07/16 18:36|C7.5 07/16 20:03|M1.7 07/17 17:15|C3.9 07/18 03:09|C3.0 07/18 06:02|C4.5 07/18 22:18|M7.7 07/19 05:58","07/08 + 04 hrs, 0512 km/s|07/08 + 02 hrs, 0762 km/s|07/09 + 01 hrs, 0710 km/s|07/09 + 00 hrs, 0694 km/s|07/09 + 00 hrs, 0679 km/s|07/09 + 01 hrs, 0892 km/s|07/09 + 00 hrs, 1041 km/s|07/10 + 02 hrs, 0385 km/s|07/10 + 01 hrs, 0480 km/s|07/11 + 05 hrs, 0153 km/s|07/12 + 01 hrs, 0475 km/s|07/12 + 01 hrs, 0467 km/s|07/13 + 01 hrs, 0277 km/s|07/13 + 01 hrs, 0437 km/s|07/13 + 02 hrs, 0471 km/s|07/14 + 01 hrs, 0206 km/s|07/14 + 01 hrs, 0192 km/s|07/14 + 01 hrs, 0801 km/s|07/15 + 01 hrs, 0347 km/s|07/15 + 00 hrs, 0301 km/s|07/16 + 01 hrs, 0337 km/s|07/16 + 01 hrs, 0250 km/s|07/17 + 02 hrs, 0248 km/s|07/17 + 03 hrs, 0744 km/s|07/17 + 02 hrs, 1420 km/s|07/17 + 01 hrs, 1157 km/s|07/17 + 04 hrs, 0336 km/s|07/17 + 01 hrs, 0496 km/s|07/17 + 01 hrs, 0453 km/s|07/18 + 01 hrs, 0625 km/s|07/18 + 01 hrs, 0600 km/s|07/19 + 01 hrs, 1302 km/s|07/19 + 01 hrs, 0600 km/s|07/19 + 03 hrs, 0631 km/s|07/19 + 01 hrs, 0976 km/s|07/19 + 01 hrs, 1226 km/s|07/19 + 01 hrs, 0891 km/s|07/19 + 00 hrs, 1159 km/s",http://sidc.oma.be/cactus/catalog/LASCO/2_5_0/qkl/2012/07/CME0056/CME.html|http://sidc.oma.be/cactus/catalog/LASCO/2_5_0/qkl/2012/07/CME0057/CME.html|http://sidc.oma.be/cactus/catalog/LASCO/2_5_0/qkl/2012/07/CME0061/CME.html|http://sidc.oma.be/cactus/catalog/LASCO/2_5_0/qkl/2012/07/CME0062/CME.html|http://sidc.oma.be/cactus/catalog/LASCO/2_5_0/qkl/2012/07/CME0063/CME.html|http://sidc.oma.be/cactus/catalog/LASCO/2_5_0/qkl/2012/07/CME0064/CME.html|http://sidc.oma.be/cactus/catalog/LASCO/2_5_0/qkl/2012/07/CME0065/CME.html|http://sidc.oma.be/cactus/catalog/LASCO/2_5_0/qkl/2012/07/CME0066/CME.html|http://sidc.oma.be/cactus/catalog/LASCO/2_5_0/qkl/2012/07/CME0067/CME.html|http://sidc.oma.be/cactus/catalog/LASCO/2_5_0/qkl/2012/07/CME0074/CME.html|http://sidc.oma.be/cactus/catalog/LASCO/2_5_0/qkl/2012/07/CME0077/CME.html|http://sidc.oma.be/cactus/catalog/LASCO/2_5_0/qkl/2012/07/CME0078/CME.html|http://sidc.oma.be/cactus/catalog/LASCO/2_5_0/qkl/2012/07/CME0084/CME.html|http://sidc.oma.be/cactus/catalog/LASCO/2_5_0/qkl/2012/07/CME0085/CME.html|http://sidc.oma.be/cactus/catalog/LASCO/2_5_0/qkl/2012/07/CME0086/CME.html|http://sidc.oma.be/cactus/catalog/LASCO/2_5_0/qkl/2012/07/CME0088/CME.html|http://sidc.oma.be/cactus/catalog/LASCO/2_5_0/qkl/2012/07/CME0089/CME.html|http://sidc.oma.be/cactus/catalog/LASCO/2_5_0/qkl/2012/07/CME0090/CME.html|http://sidc.oma.be/cactus/catalog/LASCO/2_5_0/qkl/2012/07/CME0094/CME.html|http://sidc.oma.be/cactus/catalog/LASCO/2_5_0/qkl/2012/07/CME0095/CME.html|http://sidc.oma.be/cactus/catalog/LASCO/2_5_0/qkl/2012/07/CME0099/CME.html|http://sidc.oma.be/cactus/catalog/LASCO/2_5_0/qkl/2012/07/CME0100/CME.html|http://sidc.oma.be/cactus/catalog/LASCO/2_5_0/qkl/2012/07/CME0104/CME.html|http://sidc.oma.be/cactus/catalog/LASCO/2_5_0/qkl/2012/07/CME0105/CME.html|http://sidc.oma.be/cactus/catalog/LASCO/2_5_0/qkl/2012/07/CME0106/CME.html|http://sidc.oma.be/cactus/catalog/LASCO/2_5_0/qkl/2012/07/CME0107/CME.html|http://sidc.oma.be/cactus/catalog/LASCO/2_5_0/qkl/2012/07/CME0108/CME.html|http://sidc.oma.be/cactus/catalog/LASCO/2_5_0/qkl/2012/07/CME0109/CME.html|http://sidc.oma.be/cactus/catalog/LASCO/2_5_0/qkl/2012/07/CME0110/CME.html|http://sidc.oma.be/cactus/catalog/LASCO/2_5_0/qkl/2012/07/CME0112/CME.html|http://sidc.oma.be/cactus/catalog/LASCO/2_5_0/qkl/2012/07/CME0113/CME.html|http://sidc.oma.be/cactus/catalog/LASCO/2_5_0/qkl/2012/07/CME0114/CME.html|http://sidc.oma.be/cactus/catalog/LASCO/2_5_0/qkl/2012/07/CME0115/CME.html|http://sidc.oma.be/cactus/catalog/LASCO/2_5_0/qkl/2012/07/CME0116/CME.html|http://sidc.oma.be/cactus/catalog/LASCO/2_5_0/qkl/2012/07/CME0117/CME.html|http://sidc.oma.be/cactus/catalog/LASCO/2_5_0/qkl/2012/07/CME0118/CME.html|http://sidc.oma.be/cactus/catalog/LASCO/2_5_0/qkl/2012/07/CME0119/CME.html|http://sidc.oma.be/cactus/catalog/LASCO/2_5_0/qkl/2012/07/CME0120/CME.html,0,N,-,-,N,11521,-,-
100,0,11526,2012-07-20T06:21:00.000,-150,-373,2012-08-01T06:05:00.000,2012-07-22T17:56:00.000,2012-07-25T18:09:00.000,2012-07-25T04:28:00.000,S,S,,,,,,,,,,,,,,,,,,,
100,0,11532,2012-07-27T04:03:00.000,-363,-428,2012-08-06T05:57:00.000,2012-07-29T17:50:00.000,2012-07-31T18:20:00.000,2012-07-30T18:00:00.000,I,S,,,,,,,,,,,,,,,,,,,
100,0,11535,2012-07-29T17:50:00.000,-24,223,2012-08-05T18:10:00.000,2012-08-01T18:00:00.000,2012-08-11T05:26:00.000,2012-08-04T17:33:00.000,I,N,,,,,,,,,,,,,,,,,,,
100,0,11540,2012-08-02T17:58:00.000,63,-520,2012-08-14T06:00:00.000,2012-08-06T05:57:00.000,2012-08-11T06:08:00.000,2012-08-08T18:35:00.000,S,S,,,,,,,,,,,,,,,,,,,
100,0,11543,2012-08-07T06:03:00.000,576,266,2012-08-19T17:48:00.000,2012-08-14T12:33:00.000,2012-08-17T05:58:00.000,2012-08-16T12:24:00.000,S,N,,,,,,,,,,,,,,,,,,,
100,0,11547,2012-08-14T17:58:00.000,12,-17,2012-08-25T18:03:00.000,2012-08-18T06:16:00.000,2012-08-19T17:48:00.000,2012-08-19T17:48:00.000,I,E,,,,,,,,,,,,,,,,,,,
100,0,11554,2012-08-19T17:48:00.000,252,145,2012-09-01T04:03:00.000,2012-08-25T18:03:00.000,2012-08-28T16:47:00.000,2012-08-27T04:03:00.000,S,N,,,,,,,,,,,,,,,,,,,
100,0,11555,2012-08-25T06:02:00.000,-90,27,2012-09-06T05:33:00.000,2012-08-30T04:03:00.000,2012-09-01T17:47:00.000,2012-08-30T18:03:00.000,I,N,,,,,,,,,,,,,,,,,,,
100,0,11560,2012-08-30T04:03:00.000,370,-46,2012-09-07T14:03:00.000,2012-08-31T04:33:00.000,2012-09-06T05:33:00.000,2012-09-03T06:23:00.000,S,E,,,,,,,,,,,,,,,,,,,
100,0,11564,2012-08-31T04:33:00.000,261,-346,2012-09-11T18:13:00.000,2012-09-05T06:03:00.000,2012-09-07T14:03:00.000,2012-09-07T06:28:00.000,S,S,,,,,,,,,,,,,,,,,,,
100,0,11565,2012-09-02T06:03:00.000,-80,48,2012-09-11T18:13:00.000,2012-09-04T17:10:00.000,2012-09-07T14:03:00.000,2012-09-05T06:03:00.000,I,N,,,,,,,,,,,,,,,,,,,
100,0,11578,2012-09-21T10:03:00.000,-244,232,2012-10-02T09:42:00.000,2012-09-23T09:55:00.000,2012-09-25T10:20:00.000,2012-09-24T18:06:00.000,I,N,,,,,,,,,,,,,,,,,,,
100,0,11577,2012-09-23T09:55:00.000,-332,24,2012-09-30T17:46:00.000,2012-09-24T18:06:00.000,2012-09-27T18:19:00.000,2012-09-24T18:06:00.000,I,E,,,,,,,,,,,,,,,,,,,
100,0,NA,2012-09-22T09:42:00.000,172,15,2012-10-02T09:42:00.000,2012-09-26T10:03:00.000,2012-09-27T18:19:00.000,2012-09-27T10:10:00.000,S,E,,,,,,,,,,,,,,,,,,,
100,0,NA,2012-09-23T09:55:00.000,10,-10,2012-10-03T17:59:00.000,2012-09-25T10:20:00.000,2012-09-29T11:36:00.000,2012-09-28T10:13:00.000,I,E,,,,,,,,,,,,,,,,,,,
100,0,11580,2012-09-24T18:06:00.000,61,172,2012-10-07T10:03:00.000,2012-09-28T10:13:00.000,2012-10-03T17:59:00.000,2012-10-01T09:58:00.000,I,N,,,,,,,,,,,,,,,,,,,
100,0,11584,2012-09-27T18:19:00.000,276,-457,2012-10-08T17:49:00.000,2012-10-02T09:42:00.000,2012-10-04T18:03:00.000,2012-10-04T10:03:00.000,S,S,,,,,,,,,,,,,,,,,,,
100,0,11585,2012-10-02T09:42:00.000,-41,-433,2012-10-14T09:50:00.000,2012-10-06T09:43:00.000,2012-10-09T09:57:00.000,2012-10-07T18:01:00.000,I,S,,,,,,,,,,,,,,,,,,,
100,0,11586,2012-10-07T10:03:00.000,102,-303,2012-10-19T10:06:00.000,2012-10-12T18:05:00.000,2012-10-15T10:03:00.000,2012-10-13T10:03:00.000,S,S,,,,,,,,,,,,,,,,,,,
100,0,11589,2012-10-09T09:57:00.000,358,85,2012-10-21T10:03:00.000,2012-10-14T09:50:00.000,2012-10-18T18:31:00.000,2012-10-17T10:03:00.000,I,N,,,,,,,,,,,,,,,,,,,
100,0,11590,2012-10-09T09:57:00.000,-240,-578,2012-10-22T10:18:00.000,2012-10-14T09:50:00.000,2012-10-17T18:10:00.000,2012-10-15T10:03:00.000,S,S,,,,,,,,,,,,,,,,,,,
100,0,11596,2012-10-18T18:31:00.000,286,48,2012-10-30T11:17:00.000,2012-10-24T17:55:00.000,2012-10-27T10:08:00.000,2012-10-25T17:59:00.000,I,N,,,,,,,,,,,,,,,,,,,
100,0,11604,2012-11-01T17:58:00.000,64,65,2012-11-13T18:01:00.000,2012-11-07T06:03:00.000,2012-11-09T18:00:00.000,2012-11-07T18:05:00.000,S,N,,,,,,,,,,,,,,,,,,,
100,0,11608,2012-11-05T06:10:00.000,-146,-416,2012-11-17T06:00:00.000,2012-11-08T06:24:00.000,2012-11-14T02:38:00.000,2012-11-10T06:03:00.000,S,S,,,,,,,,,,,,,,,,,,,
100,0,11610,2012-11-06T05:44:00.000,113,-448,2012-11-18T06:03:00.000,2012-11-10T18:03:00.000,2012-11-13T18:02:00.000,2012-11-12T18:03:00.000,S,S,,,,,,,,,,,,,,,,,,,
100,0,11621,2012-11-24T18:15:00.000,-134,244,2012-12-06T06:03:00.000,2012-11-29T06:18:00.000,2012-12-04T06:08:00.000,2012-11-30T08:23:00.000,I,N,,,,,,,,,,,,,,,,,,,
100,0,11623,2012-11-27T17:48:00.000,263,133,2012-12-09T18:01:00.000,2012-12-03T06:05:00.000,2012-12-06T18:03:00.000,2012-12-04T11:43:00.000,I,N,,,,,,,,,,,,,,,,,,,
100,0,11630,2012-12-06T18:03:00.000,122,305,2012-12-16T05:57:00.000,2012-12-10T06:34:00.000,2012-12-11T18:03:00.000,2012-12-10T06:34:00.000,I,N,,,,,,,,,,,,,,,,,,,
100,0,11629,2012-12-05T17:44:00.000,-464,198,2012-12-17T18:03:00.000,2012-12-08T17:57:00.000,2012-12-11T06:06:00.000,2012-12-09T06:03:00.000,S,N,,,,,,,,,,,,,,,,,,,
100,0,NA,2012-12-12T06:10:00.000,-117,169,2012-12-24T05:59:00.000,2012-12-16T05:57:00.000,2012-12-20T18:02:00.000,2012-12-18T04:03:00.000,I,N,,,,,,,,,,,,,,,,,,,
100,0,11634,2012-12-15T18:10:00.000,-149,-206,2012-12-27T18:03:00.000,2012-12-18T04:03:00.000,2012-12-22T04:03:00.000,2012-12-20T18:02:00.000,S,S,,,,,,,,,,,,,,,,,,,
100,0,11641,2012-12-29T16:24:00.000,51,-10,2013-01-11T17:43:00.000,2013-01-04T18:05:00.000,2013-01-05T08:17:00.000,2013-01-04T18:05:00.000,S,N,,,,,,,,,,,,,,,,,,,
100,0,11645,2013-01-02T20:00:00.000,238,-127,2013-01-10T06:06:00.000,2013-01-04T18:05:00.000,2013-01-05T08:17:00.000,2013-01-04T18:05:00.000,S,S,,,,,,,,,,,,,,,,,,,
100,0,11646,2013-01-02T08:00:00.000,35,312,2013-01-14T05:57:00.000,2013-01-07T17:57:00.000,2013-01-12T06:01:00.000,2013-01-08T18:17:00.000,I,N,,,,,,,,,,,,,,,,,,,
100,0,11650,2013-01-04T18:05:00.000,-134,-431,2013-01-18T07:38:00.000,2013-01-07T17:57:00.000,2013-01-13T18:06:00.000,2013-01-10T06:06:00.000,S,S,,,,,,,,,,,,,,,,,,,
100,0,11652,2013-01-05T06:17:00.000,125,380,2013-01-18T07:38:00.000,2013-01-09T06:03:00.000,2013-01-13T08:19:00.000,2013-01-12T18:03:00.000,I,N,,,,,,,,,,,,,,,,,,,
100,0,11654,2013-01-08T18:17:00.000,-16,235,2013-01-20T18:03:00.000,2013-01-14T17:56:00.000,2013-01-17T05:23:00.000,2013-01-14T17:56:00.000,S,N,,,,,,,,,,,,,,,,,,,
100,0,11663,2013-01-25T06:07:00.000,-221,-85,2013-02-05T18:07:00.000,2013-01-28T18:05:00.000,2013-01-31T18:03:00.000,2013-01-29T06:24:00.000,S,S,,,,,,,,,,,,,,,,,,,
100,0,11665,2013-01-28T18:05:00.000,313,261,2013-02-10T05:57:00.000,2013-02-03T06:13:00.000,2013-02-07T18:02:00.000,2013-02-05T18:07:00.000,I,N,,,,,,,,,,,,,,,,,,,
100,0,NA,2013-02-02T06:09:00.000,-292,479,2015-02-12T17:53:00.000,2013-02-04T17:49:00.000,2013-02-09T05:35:00.000,2013-02-07T05:59:00.000,I,N,,,,,,,,,,,,,,,,,,,
100,0,11682,2013-02-25T05:39:00.000,-71,-203,2013-03-05T05:41:00.000,2013-02-26T10:17:00.000,2013-02-27T18:05:00.000,2013-02-26T10:17:00.000,S,S,,,,,,,,,,,,,,,,,,,
100,0,11683,2013-02-27T18:05:00.000,677,-223,2013-03-12T06:14:00.000,2013-03-06T16:43:00.000,2013-03-10T06:34:00.000,2013-03-09T18:01:00.000,I,S,,,,,,,,,,,,,,,,,,,
100,0,NA,2013-03-03T06:04:00.000,79,269,2013-03-15T06:23:00.000,2013-03-05T17:44:00.000,2013-03-10T06:34:00.000,2013-03-09T18:01:00.000,I,N,,,,,,,,,,,,,,,,,,,
100,0,11689,2013-03-03T18:03:00.000,24,-196,2013-03-16T05:56:00.000,2013-03-09T06:03:00.000,2013-03-10T18:20:00.000,2013-03-10T06:34:00.000,S,S,,,,,,,,,,,,,,,,,,,
100,0,11692,2013-03-10T06:34:00.000,295,249,2013-03-21T17:48:00.000,2013-03-17T06:03:00.000,2013-03-19T06:08:00.000,2013-03-17T06:03:00.000,I,N,,,,,,,,,,,,,,,,,,,
100,0,11705,2013-03-21T17:48:00.000,-206,-92,2013-04-02T06:03:00.000,2013-03-25T18:03:00.000,2013-03-27T06:09:00.000,2016-03-26T15:01:00.000,I,S,,,,,,,,,,,,,,,,,,,
100,0,11707,2013-03-25T18:03:00.000,131,-70,2013-04-06T05:48:00.000,2013-03-31T18:13:00.000,2013-04-01T18:03:00.000,2016-03-31T18:13:00.000,S,S,,,,,,,,,,,,,,,,,,,
100,0,11711,2013-03-30T18:07:00.000,-357,-249,2013-04-12T05:59:00.000,2013-04-04T05:57:00.000,2013-04-07T18:09:00.000,2013-04-04T05:57:00.000,S,S,,,,,,,,,,,,,,,,,,,
100,0,NA,2013-04-02T06:03:00.000,-194,-218,2013-04-15T06:03:00.000,2013-04-05T08:15:00.000,2013-04-09T05:19:00.000,2013-04-07T18:09:00.000,I,S,,,,,,,,,,,,,,,,,,,
100,0,11723,2013-04-13T06:17:00.000,644,-290,2013-04-24T06:38:00.000,2013-04-17T06:03:00.000,2013-04-21T06:18:00.000,2013-04-21T06:18:00.000,S,S,,,,,,,,,,,,,,,,,,,
100,0,11726,2013-04-17T06:03:00.000,213,288,2013-04-26T06:07:00.000,2013-04-20T06:00:00.000,2013-04-22T05:52:00.000,2013-04-21T06:18:00.000,S,N,,,,,,,,,,,,,,,,,,,
100,0,11730,2013-04-22T05:52:00.000,390,-230,2013-05-04T06:08:00.000,2013-04-29T06:17:00.000,2013-05-01T06:03:00.000,2013-04-30T06:55:00.000,S,S,,,,,,,,,,,,,,,,,,,
100,0,11728,2013-04-23T00:00:00.000,19,443,2013-05-06T00:00:00.000,2013-04-29T18:10:00.000,2013-04-30T17:50:00.000,2013-04-29T18:10:00.000,S,N,,,,,,,,,,,,,,,,,,,
100,0,11734,2013-04-29T06:17:00.000,-247,-252,2013-05-11T18:01:00.000,2013-05-03T07:13:00.000,2013-05-06T18:03:00.000,2013-05-04T06:08:00.000,I,S,,,,,,,,,,,,,,,,,,,
100,0,11739,2013-05-03T18:03:00.000,283,271,2013-05-15T06:26:00.000,2013-05-06T18:03:00.000,2013-05-12T08:13:00.000,2013-05-10T18:24:00.000,S,N,,,,,,,,,,,,,,,,,,,
100,0,11745,2013-05-11T06:06:00.000,0,252,2013-05-23T06:29:00.000,2013-05-15T08:26:00.000,2013-05-20T08:16:00.000,2013-05-17T06:03:00.000,I,N,,,,,,,,,,,,,,,,,,,
100,0,11746,2013-05-10T18:24:00.000,179,-448,2013-05-23T06:29:00.000,2013-05-18T05:31:00.000,2013-05-20T17:59:00.000,2013-05-18T05:31:00.000,S,S,,,,,,,,,,,,,,,,,,,
100,0,11747,2013-05-12T17:58:00.000,234,-249,2013-05-22T18:05:00.000,2013-05-16T17:48:00.000,2013-05-19T18:01:00.000,2013-05-17T18:02:00.000,S,S,,,,,,,,,,,,,,,,,,,
100,0,11756,2013-05-20T17:59:00.000,-208,-303,2013-05-31T18:11:00.000,2013-05-25T08:05:00.000,2013-05-28T06:18:00.000,2013-05-25T06:05:00.000,I,S,,,,,,,,,,,,,,,,,,,
100,0,11755,2013-05-21T05:44:00.000,-102,198,2013-06-02T06:07:00.000,2013-05-25T08:05:00.000,2013-05-27T06:08:00.000,2013-05-26T18:22:00.000,S,N,,,,,,,,,,,,,,,,,,,
100,0,11757,2013-05-25T06:05:00.000,80,-160,2013-06-06T05:46:00.000,2013-05-31T04:48:00.000,2013-06-03T05:34:00.000,2013-05-31T18:11:00.000,S,S,,,,,,,,,,,,,,,,,,,
100,0,NA,2013-06-07T06:03:00.000,-2,218,2013-06-19T05:36:00.000,2013-06-12T05:56:00.000,2013-06-15T18:08:00.000,2013-06-13T06:22:00.000,I,N,,,,,,,,,,,,,,,,,,,
100,0,11777,2013-06-22T05:48:00.000,44,-361,2013-07-02T18:15:00.000,2013-06-26T06:11:00.000,2013-06-27T18:26:00.000,2013-06-26T18:06:00.000,S,S,,,,,,,,,,,,,,,,,,,
100,0,11782,2013-06-27T18:26:00.000,-194,-312,2013-07-08T05:50:00.000,2013-07-01T06:03:00.000,2013-07-02T11:26:00.000,2013-07-01T18:10:00.000,S,S,,,,,,,,,,,,,,,,,,,
100,0,11791,2013-07-13T17:35:00.000,51,-307,2013-07-22T18:03:00.000,2013-07-15T06:23:00.000,2013-07-18T18:16:00.000,2013-07-16T17:40:00.000,I,S,,,,,,,,,,,,,,,,,,,
100,0,11792,2013-07-13T17:35:00.000,615,-7,2013-07-22T03:51:00.000,2013-07-16T05:51:00.000,2013-07-21T05:39:00.000,2013-07-20T06:11:00.000,I,E,,,,,,,,,,,,,,,,,,,
100,0,11793,2013-07-14T05:59:00.000,264,259,2013-07-27T04:03:00.000,2013-07-19T06:03:00.000,2013-07-25T04:18:00.000,2013-07-22T04:03:00.000,I,N,,,,,,,,,,,,,,,,,,,
100,0,11795,2013-07-13T17:35:00.000,191,-179,2013-07-25T17:57:00.000,2013-07-19T17:53:00.000,2013-07-21T18:28:00.000,2013-07-20T06:11:00.000,S,S,,,,,,,,,,,,,,,,,,,
100,0,11810,2013-08-02T17:58:00.000,230,-513,2013-08-12T18:01:00.000,2013-08-06T18:30:00.000,2013-08-08T15:28:00.000,2013-08-07T18:03:00.000,S,S,,,,,,,,,,,,,,,,,,,
100,0,11809,2013-08-02T17:58:00.000,387,114,2013-08-12T18:01:00.000,2013-08-07T18:03:00.000,2013-08-09T05:52:00.000,2013-08-08T06:19:00.000,S,N,,,,,,,,,,,,,,,,,,,
100,0,11817,2013-08-07T18:03:00.000,109,-453,2013-08-19T18:18:00.000,2013-08-13T06:07:00.000,2013-08-15T18:03:00.000,2013-08-14T05:40:00.000,I,S,,,,,,,,,,,,,,,,,,,
100,0,11818,2013-08-09T05:52:00.000,271,-218,2013-08-20T18:02:00.000,2013-08-16T06:19:00.000,2013-08-19T18:18:00.000,2013-08-16T18:06:00.000,S,S,,,,,,,,,,,,,,,,,,,
100,0,11828,2013-08-18T19:23:00.000,278,169,2013-08-31T18:03:00.000,2013-08-24T18:07:00.000,2013-08-27T04:03:00.000,2013-08-26T17:59:00.000,I,N,,,,,,,,,,,,,,,,,,,
100,0,11836,2013-08-27T04:03:00.000,-68,114,2013-09-09T03:02:00.000,2013-08-31T18:03:00.000,2013-09-05T06:05:00.000,2013-09-02T05:54:00.000,S,N,,,,,,,,,,,,,,,,,,,
100,0,11840,2013-09-05T06:05:00.000,-161,-278,2013-09-17T06:21:00.000,2013-09-09T18:07:00.000,2013-09-15T05:42:00.000,2013-09-10T18:07:00.000,S,S,,,,,,,,,,,,,,,,,,,
100,0,11843,2013-09-17T18:08:00.000,172,-99,2013-09-24T18:03:00.000,2013-09-18T05:54:00.000,2013-09-20T06:33:00.000,2013-09-19T06:03:00.000,S,S,,,,,,,,,,,,,,,,,,,
100,0,11849,2013-09-19T20:08:00.000,-111,196,2013-09-28T06:34:00.000,2013-09-21T18:03:00.000,2013-09-23T05:46:00.000,2013-09-21T18:03:00.000,I,N,,,,,,,,,,,,,,,,,,,
100,0,11847,2013-09-16T18:03:00.000,-249,41,2013-09-28T06:34:00.000,2013-09-22T06:09:00.000,2013-09-22T17:57:00.000,2013-09-22T06:09:00.000,I,N,,,,,,,,,,,,,,,,,,,
100,0,NA,2013-09-21T06:05:00.000,41,-387,2013-10-03T06:21:00.000,2013-09-25T06:21:00.000,2013-09-28T06:34:00.000,2013-09-27T06:04:00.000,S,S,,,,,,,,,,,,,,,,,,,
100,0,11862,2013-10-02T06:04:00.000,-90,-356,2013-10-11T06:22:00.000,2013-10-03T06:21:00.000,2013-10-06T04:53:00.000,2013-10-05T06:04:00.000,S,S,,,,,,,,,,,,,,,,,,,
100,0,11865,2013-10-08T06:10:00.000,380,-448,2013-10-20T17:58:00.000,2013-10-15T18:03:00.000,2013-10-16T17:58:00.000,2013-10-16T06:09:00.000,S,S,,,,,,,,,,,,,,,,,,,
100,0,11883,2013-10-26T18:03:00.000,-414,-7,2013-11-08T06:06:00.000,2013-10-29T18:01:00.000,2013-11-01T17:58:00.000,2013-10-30T18:20:00.000,S,E,,,,,,,,,,,,,,,,,,,
100,0,11886,2013-10-28T05:57:00.000,300,162,2013-11-04T18:08:00.000,2013-10-30T06:34:00.000,2013-10-30T18:20:00.000,2013-10-30T18:20:00.000,I,N,,,,,,,,,,,,,,,,,,,
100,0,11887,2013-10-29T06:04:00.000,10,266,2013-11-10T05:47:00.000,2013-11-04T06:22:00.000,2013-11-05T17:58:00.000,2013-11-04T18:08:00.000,I,N,,,,,,,,,,,,,,,,,,,
100,0,11897,2013-11-13T17:57:00.000,82,-365,2013-11-21T17:57:00.000,2013-11-14T18:01:00.000,2013-11-18T05:46:00.000,2013-11-17T06:09:00.000,S,S,,,,,,,,,,,,,,,,,,,
100,0,11899,2013-11-13T17:57:00.000,252,73,2013-11-24T18:04:00.000,2013-11-17T06:09:00.000,2013-11-21T05:54:00.000,2013-11-20T06:22:00.000,I,N,,,,,,,,,,,,,,,,,,,
100,0,11905,2013-11-23T18:19:00.000,-44,261,2013-12-05T18:03:00.000,2013-11-28T17:33:00.000,2013-11-30T18:00:00.000,2013-11-28T17:33:00.000,I,N,,,,,,,,,,,,,,,,,,,
100,0,11908,2013-11-28T17:33:00.000,-90,-431,2013-12-07T05:54:00.000,2013-11-28T17:33:00.000,2013-12-01T06:33:00.000,2013-11-30T18:00:00.000,I,S,,,,,,,,,,,,,,,,,,,
100,0,11916,2013-11-29T17:57:00.000,-186,-266,2013-12-11T06:07:00.000,2013-12-03T18:10:00.000,2013-12-05T18:03:00.000,2013-12-04T17:44:00.000,S,S,,,,,,,,,,,,,,,,,,,
100,0,11912,2013-12-02T06:04:00.000,-106,-441,2013-12-12T05:41:00.000,2013-12-06T06:20:00.000,2013-12-08T17:59:00.000,2013-12-08T06:03:00.000,S,S,,,,,,,,,,,,,,,,,,,
100,0,NA,2013-12-04T17:44:00.000,211,-211,2013-12-16T17:59:00.000,2013-12-09T18:18:00.000,2013-12-12T05:41:00.000,2013-12-11T18:10:00.000,S,S,,,,,,,,,,,,,,,,,,,
100,0,11930,2013-12-15T17:57:00.000,-24,-145,2013-12-27T18:08:00.000,2013-12-21T18:07:00.000,2013-12-24T06:03:00.000,2013-12-21T18:07:00.000,I,S,,,,,,,,,,,,,,,,,,,
100,0,11929,2013-12-16T17:59:00.000,-123,-179,2013-12-28T17:41:00.000,2013-12-20T04:03:00.000,2013-12-23T17:54:00.000,2013-12-22T06:18:00.000,I,S,,,,,,,,,,,,,,,,,,,
100,0,11934,2013-12-19T18:09:00.000,-470,-220,2013-12-31T05:55:00.000,2013-12-23T05:52:00.000,2013-12-26T18:03:00.000,2013-12-23T17:54:00.000,I,S,,,,,,,,,,,,,,,,,,,
100,0,11936,2013-12-23T05:52:00.000,172,-237,2014-01-04T06:05:00.000,2013-12-29T06:00:00.000,2013-12-31T17:53:00.000,2013-12-30T06:17:00.000,S,S,,,,,,,,,,,,,,,,,,,
100,0,11938,2013-12-27T06:42:00.000,-276,-264,2014-01-05T17:40:00.000,2013-12-31T17:53:00.000,2014-01-03T18:03:00.000,2013-12-31T17:53:00.000,S,S,,,,,,,,,,,,,,,,,,,
100,0,11942,2013-12-30T18:04:00.000,-41,240,2014-01-12T06:04:00.000,2014-01-02T18:16:00.000,2014-01-05T17:40:00.000,2014-01-05T17:40:00.000,I,N,,,,,,,,,,,,,,,,,,,
100,0,11944,2014-01-02T06:29:00.000,322,-106,2014-01-14T05:53:00.000,2014-01-05T05:38:00.000,2014-01-10T18:15:00.000,2014-01-09T15:28:00.000,S,S,,,,,,,,,,,,,,,,,,,
100,0,11949,2014-01-09T06:03:00.000,119,-191,2014-01-20T23:08:00.000,2014-01-13T05:37:00.000,2014-01-17T06:04:00.000,2014-01-15T06:16:00.000,S,S,,,,,,,,,,,,,,,,,,,
100,0,11968,2014-01-26T06:27:00.000,-312,257,2014-02-09T17:47:00.000,2014-02-01T05:47:00.000,2014-02-04T05:58:00.000,2014-02-01T17:49:00.000,I,N,,,,,,,,,,,,,,,,,,,
100,0,11970,2014-02-01T05:47:00.000,-276,-206,2014-02-13T01:30:00.000,2014-02-04T18:02:00.000,2014-02-07T18:03:00.000,2014-02-05T18:03:00.000,I,S,,,,,,,,,,,,,,,,,,,
100,0,11973,2014-02-04T18:02:00.000,218,186,2014-02-16T17:55:00.000,2014-02-08T18:03:00.000,2014-02-12T17:27:00.000,2014-02-11T18:10:00.000,I,N,,,,,,,,,,,,,,,,,,,
100,0,11991,2014-02-25T17:45:00.000,401,-322,2014-03-10T06:34:00.000,2014-03-05T17:42:00.000,2014-03-06T18:03:00.000,2014-03-06T04:23:00.000,I,S,,,,,,,,,,,,,,,,,,,
100,0,12008,2014-03-14T18:03:00.000,327,-87,2014-03-27T05:58:00.000,2014-03-20T05:54:00.000,2014-03-22T05:56:00.000,2014-03-22T05:56:00.000,S,S,,,,,,,,,,,,,,,,,,,
100,0,12010,2014-03-16T17:52:00.000,-58,-140,2014-03-29T05:33:00.000,2014-03-20T18:05:00.000,2014-03-24T17:50:00.000,2014-03-22T18:03:00.000,S,S,,,,,,,,,,,,,,,,,,,
100,0,12017,2014-03-21T15:03:00.000,-191,293,2014-03-31T06:12:00.000,2014-03-26T06:26:00.000,2014-03-27T18:01:00.000,2014-03-26T18:11:00.000,S,N,,,,,,,,,,,,,,,,,,,
100,0,12027,2014-03-31T06:12:00.000,97,290,2014-04-12T05:53:00.000,2014-04-06T06:34:00.000,2014-04-09T05:42:00.000,2014-04-06T18:20:00.000,I,N,,,,,,,,,,,,,,,,,,,
100,0,12032,2014-04-08T05:09:00.000,-182,322,2014-04-19T18:03:00.000,2014-04-13T06:03:00.000,2014-04-16T04:50:00.000,2014-04-13T06:03:00.000,I,N,,,,,,,,,,,,,,,,,,,
100,0,12050,2014-04-27T18:02:00.000,-375,211,2014-05-09T05:55:00.000,2014-04-30T18:15:00.000,2014-05-02T08:04:00.000,2014-05-01T17:55:00.000,I,N,,,,,,,,,,,,,,,,,,,
100,0,12059,2014-05-06T17:33:00.000,-177,148,2014-05-17T05:52:00.000,2014-05-11T06:36:00.000,2014-05-12T07:23:00.000,2014-05-11T18:19:00.000,I,N,,,,,,,,,,,,,,,,,,,
100,0,12071,2014-05-20T17:55:00.000,-106,-165,2014-06-01T06:19:00.000,2014-05-22T05:37:00.000,2014-05-27T06:33:00.000,2014-05-25T05:48:00.000,S,S,,,,,,,,,,,,,,,,,,,
100,0,12082,2014-06-05T10:19:00.000,378,257,2014-06-14T17:55:00.000,2014-06-09T06:16:00.000,2014-06-11T06:02:00.000,2014-06-10T18:31:00.000,I,N,,,,,,,,,,,,,,,,,,,
100,0,12090,2014-06-11T06:02:00.000,474,361,2014-06-23T18:13:00.000,2014-06-15T06:38:00.000,2014-06-22T18:08:00.000,2014-06-19T18:03:00.000,I,N,,,,,,,,,,,,,,,,,,,
100,0,12094,2014-06-16T17:53:00.000,465,-274,2014-06-28T07:00:00.000,2014-06-23T06:35:00.000,2014-06-24T17:49:00.000,2014-06-24T06:00:00.000,S,S,,,,,,,,,,,,,,,,,,,
100,0,12104,2014-06-29T05:45:00.000,-61,-240,2014-07-11T06:03:00.000,2014-07-03T06:05:00.000,2014-07-09T18:06:00.000,2014-07-04T18:20:00.000,S,S,,,,,,,,,,,,,,,,,,,
100,0,12111,2014-07-03T18:21:00.000,-591,58,2014-07-16T18:03:00.000,2014-07-06T17:57:00.000,2014-07-07T18:31:00.000,2014-07-07T05:41:00.000,S,N,,,,,,,,,,,,,,,,,,,
100,0,12109,2014-07-01T06:31:00.000,-150,-203,2014-07-13T04:38:00.000,2014-07-07T05:41:00.000,2014-07-09T18:06:00.000,2014-07-07T05:41:00.000,I,S,,,,,,,,,,,,,,,,,,,
100,0,12119,2014-07-16T18:03:00.000,-274,-363,2014-07-27T04:58:00.000,2014-07-19T18:08:00.000,2014-07-22T18:03:00.000,2014-07-20T04:53:00.000,S,S,,,,,,,,,,,,,,,,,,,
100,0,NA,2014-07-18T17:39:00.000,-421,128,2014-07-30T18:18:00.000,2014-07-23T03:55:00.000,2014-07-25T18:00:00.000,2014-07-23T03:55:00.000,I,N,,,,,,,,,,,,,,,,,,,
100,0,NA,2014-07-26T04:03:00.000,-315,213,2014-08-07T12:25:00.000,2014-07-30T06:03:00.000,2014-08-01T16:18:00.000,2014-07-31T05:30:00.000,I,N,,,,,,,,,,,,,,,,,,,
100,0,12143,2014-08-13T06:18:00.000,-261,-198,2014-08-24T06:21:00.000,2014-08-18T06:03:00.000,2014-08-18T16:48:00.000,2014-08-18T06:03:00.000,I,S,,,,,,,,,,,,,,,,,,,
100,0,12148,2014-08-19T05:32:00.000,53,5,2014-08-30T05:39:00.000,2014-08-23T06:03:00.000,2014-08-24T06:21:00.000,2014-08-24T06:21:00.000,I,E,,,,,,,,,,,,,,,,,,,
100,0,12149,2014-08-21T16:48:00.000,15,48,2014-09-02T17:52:00.000,2014-08-23T16:38:00.000,2014-09-01T06:17:00.000,2014-08-27T16:43:00.000,I,N,,,,,,,,,,,,,,,,,,,
100,0,12158,2014-09-04T18:14:00.000,453,152,2014-09-17T17:57:00.000,2014-09-07T18:24:00.000,2014-09-14T06:03:00.000,2014-09-13T05:56:00.000,I,N,,,,,,,,,,,,,,,,,,,
100,0,NA,2014-09-06T18:05:00.000,34,111,2014-09-19T06:02:00.000,2014-09-12T06:23:00.000,2014-09-14T06:03:00.000,2014-09-13T05:56:00.000,I,N,,,,,,,,,,,,,,,,,,,
100,0,12166,2014-09-12T06:23:00.000,382,131,2014-09-24T18:03:00.000,2014-09-18T05:41:00.000,2014-09-21T17:54:00.000,2014-09-20T06:19:00.000,I,N,,,,,,,,,,,,,,,,,,,
100,0,12172,2014-09-20T18:06:00.000,-254,-300,2014-10-02T06:00:00.000,2014-09-23T06:34:00.000,2014-09-28T18:03:00.000,2014-09-25T18:07:00.000,S,S,,,,,,,,,,,,,,,,,,,
100,0,12177,2014-09-25T18:07:00.000,182,61,2014-10-05T06:07:00.000,2014-10-02T06:00:00.000,2014-10-04T05:32:00.000,2014-10-02T21:03:00.000,I,N,,,,,,,,,,,,,,,,,,,
100,0,NA,2014-09-30T20:51:00.000,-494,77,2014-10-09T06:21:00.000,2014-10-03T06:03:00.000,2014-10-05T06:07:00.000,2014-10-04T18:22:00.000,S,N,,,,,,,,,,,,,,,,,,,
100,0,NA,2014-10-04T05:32:00.000,-426,131,2014-10-16T18:03:00.000,2014-10-08T18:03:00.000,2014-10-09T06:21:00.000,2014-10-08T18:03:00.000,I,N,,,,,,,,,,,,,,,,,,,
100,0,12186,2014-10-08T18:03:00.000,283,-443,2014-10-19T18:08:00.000,2014-10-11T17:38:00.000,2014-10-18T07:43:00.000,2014-10-15T05:38:00.000,S,S,,,,,,,,,,,,,,,,,,,
100,0,12187,2014-10-12T06:31:00.000,15,-266,2014-10-23T18:22:00.000,2014-10-15T17:40:00.000,2014-10-21T18:03:00.000,2014-10-18T07:43:00.000,S,S,,,,,,,,,,,,,,,,,,,
100,0,12192,2014-10-17T18:03:00.000,-50,-288,2014-10-29T04:28:00.000,2014-10-20T06:26:00.000,2014-10-25T17:59:00.000,2014-10-23T05:33:00.000,I,S,,,,,,,,,,,,,,,,,,,
100,0,NA,2014-10-21T18:03:00.000,-56,68,2014-10-29T00:00:00.000,2014-10-23T18:22:00.000,2014-10-28T06:21:00.000,2014-10-26T05:44:00.000,I,N,,,,,,,,,,,,,,,,,,,
100,0,12194,2014-10-20T06:26:00.000,36,-295,2014-10-29T04:28:00.000,2014-10-22T06:03:00.000,2014-10-29T04:28:00.000,2014-10-26T05:44:00.000,I,S,,,,,,,,,,,,,,,,,,,
100,0,12202,2014-11-03T17:41:00.000,513,140,2014-11-07T06:03:00.000,2014-11-03T17:41:00.000,2014-11-04T18:03:00.000,2014-11-03T17:41:00.000,I,N,,,,,,,,,,,,,,,,,,,
100,0,NA,2014-11-05T18:03:00.000,-283,259,2014-11-18T17:59:00.000,2014-11-09T18:02:00.000,2014-11-13T06:11:00.000,2014-11-11T05:33:00.000,I,N,,,,,,,,,,,,,,,,,,,
100,0,12205,2014-11-04T06:00:00.000,319,203,2014-11-16T06:21:00.000,2014-11-09T18:02:00.000,2014-11-12T18:04:00.000,2014-11-12T06:08:00.000,S,N,,,,,,,,,,,,,,,,,,,
100,0,12214,2014-11-15T06:03:00.000,191,-264,2014-11-27T03:53:00.000,2014-11-21T06:06:00.000,2014-11-26T12:58:00.000,2014-11-22T05:38:00.000,I,S,,,,,,,,,,,,,,,,,,,
100,0,12216,2014-11-20T06:03:00.000,208,-254,2014-12-02T06:10:00.000,2014-11-26T12:58:00.000,2014-12-01T18:03:00.000,2014-11-27T03:53:00.000,I,S,,,,,,,,,,,,,,,,,,,
100,0,12232,2014-12-07T06:03:00.000,218,174,2014-12-19T18:20:00.000,2014-12-13T06:14:00.000,2014-12-17T05:57:00.000,2014-12-15T19:13:00.000,I,N,,,,,,,,,,,,,,,,,,,
100,0,12244,2014-12-18T18:02:00.000,140,-36,2014-12-30T05:35:00.000,2014-12-23T18:03:00.000,2014-12-27T06:29:00.000,2014-12-24T18:05:00.000,I,S,,,,,,,,,,,,,,,,,,,
100,0,12251,2014-12-26T17:56:00.000,-459,-206,2015-01-04T06:22:00.000,2014-12-29T12:35:00.000,2015-01-01T18:00:00.000,2014-12-30T05:35:00.000,I,S,,,,,,,,,,,,,,,,,,,
100,0,12252,2014-12-27T18:15:00.000,-271,-334,2015-01-09T05:19:00.000,2015-01-01T06:13:00.000,2015-01-04T06:22:00.000,2015-01-01T18:00:00.000,S,S,,,,,,,,,,,,,,,,,,,
100,0,12253,2014-12-29T23:00:00.000,612,-63,2015-01-10T17:41:00.000,2015-01-03T18:40:00.000,2015-01-08T18:03:00.000,2015-01-07T18:18:00.000,S,S,,,,,,,,,,,,,,,,,,,
100,0,12266,2015-01-14T06:03:00.000,-24,-15,2015-01-25T06:03:00.000,2015-01-19T06:07:00.000,2015-01-21T06:48:00.000,2015-01-19T18:03:00.000,S,E,,,,,,,,,,,,,,,,,,,
100,0,NA,2015-02-08T18:08:00.000,87,218,2015-02-20T05:42:00.000,2015-02-13T06:03:00.000,2015-02-15T06:02:00.000,2015-02-14T18:12:00.000,I,N,,,,,,,,,,,,,,,,,,,
100,0,12291,2015-02-18T18:03:00.000,-77,368,2015-02-28T18:24:00.000,2015-02-19T17:57:00.000,2015-02-24T17:56:00.000,2015-02-22T06:19:00.000,I,N,,,,,,,,,,,,,,,,,,,
100,0,12287,2015-02-18T18:03:00.000,-218,404,2015-02-26T18:03:00.000,2015-02-22T06:19:00.000,2015-02-23T17:54:00.000,2015-02-22T18:05:00.000,I,N,,,,,,,,,,,,,,,,,,,
100,0,12289,2015-02-18T18:03:00.000,-399,-63,2015-03-02T17:13:00.000,2015-02-22T18:05:00.000,2015-02-24T06:07:00.000,2015-02-22T18:05:00.000,S,S,,,,,,,,,,,,,,,,,,,
100,0,12303,2015-03-17T17:59:00.000,94,431,2015-03-29T06:03:00.000,2015-03-23T06:00:00.000,2015-03-24T06:16:00.000,2015-03-23T18:07:00.000,I,N,,,,,,,,,,,,,,,,,,,
100,0,12320,2015-04-04T18:04:00.000,-317,-300,2015-04-16T05:53:00.000,2015-04-06T06:03:00.000,2015-04-11T18:03:00.000,2015-04-08T06:00:00.000,S,S,,,,,,,,,,,,,,,,,,,
100,0,12321,2015-04-11T06:08:00.000,-361,283,2015-04-22T18:03:00.000,2015-04-14T18:03:00.000,2015-04-19T06:02:00.000,2015-04-15T06:20:00.000,I,N,,,,,,,,,,,,,,,,,,,
100,0,12331,2015-04-16T17:53:00.000,231,-87,2015-04-28T18:00:00.000,2015-04-22T18:03:00.000,2015-04-24T17:44:00.000,2015-04-23T18:01:00.000,S,S,,,,,,,,,,,,,,,,,,,
100,0,12338,2015-05-02T05:37:00.000,-61,116,2015-05-13T22:33:00.000,2015-05-05T17:43:00.000,2015-05-08T17:43:00.000,2015-05-07T22:15:00.000,S,N,,,,,,,,,,,,,,,,,,,
100,0,12339,2015-05-05T17:43:00.000,-73,261,2015-05-18T17:03:00.000,2015-05-11T06:04:00.000,2015-05-12T17:53:00.000,2015-05-11T06:04:00.000,I,N,,,,,,,,,,,,,,,,,,,
100,0,12341,2015-05-07T17:03:00.000,106,-332,2015-05-20T06:03:00.000,2015-05-14T05:59:00.000,2015-05-15T06:23:00.000,2015-05-14T05:59:00.000,S,S,,,,,,,,,,,,,,,,,,,
100,0,12349,2015-05-18T17:03:00.000,-467,-370,2015-05-27T05:49:00.000,2015-05-19T05:57:00.000,2015-05-20T06:03:00.000,2015-05-19T05:57:00.000,S,S,,,,,,,,,,,,,,,,,,,
100,0,12356,2015-05-27T19:03:00.000,230,-283,2015-06-08T18:08:00.000,2015-06-03T18:10:00.000,2015-06-06T18:03:00.000,2015-06-03T18:10:00.000,S,S,,,,,,,,,,,,,,,,,,,
100,0,12358,2015-05-31T06:06:00.000,56,-56,2015-06-11T18:03:00.000,2015-06-05T18:03:00.000,2015-06-09T06:35:00.000,2015-06-06T18:03:00.000,S,S,,,,,,,,,,,,,,,,,,,
100,0,12364,2015-06-05T18:03:00.000,-409,-90,2015-06-13T06:06:00.000,2015-06-08T18:08:00.000,2015-06-09T18:16:00.000,2015-06-09T18:12:00.000,I,S,,,,,,,,,,,,,,,,,,,
100,0,12365,2015-06-05T18:03:00.000,213,-240,2015-06-17T18:04:00.000,2015-06-09T06:35:00.000,2015-06-13T17:20:00.000,2015-06-12T17:00:00.000,S,S,,,,,,,,,,,,,,,,,,,
100,0,12376,2015-06-30T18:18:00.000,19,140,2015-07-11T06:04:00.000,2015-07-04T05:34:00.000,2015-07-08T06:03:00.000,2015-07-05T06:08:00.000,I,N,,,,,,,,,,,,,,,,,,,
100,0,12381,2015-07-03T06:09:00.000,-223,174,2015-07-12T18:21:00.000,2015-07-07T05:42:00.000,2015-07-10T17:41:00.000,2015-07-08T06:03:00.000,I,N,,,,,,,,,,,,,,,,,,,
100,0,12386,2015-07-12T18:21:00.000,-160,133,2015-07-24T06:01:00.000,2015-07-17T06:58:00.000,2015-07-20T06:26:00.000,2015-07-18T05:48:00.000,I,N,,,,,,,,,,,,,,,,,,,
100,0,12389,2015-07-23T06:34:00.000,274,-283,2015-07-31T06:24:00.000,2015-07-30T18:04:00.000,2015-07-31T06:24:00.000,2015-07-30T18:04:00.000,S,S,,,,,,,,,,,,,,,,,,,
100,0,12398,2015-08-06T16:54:00.000,80,160,2015-08-18T18:04:00.000,2015-08-10T18:03:00.000,2015-08-14T06:29:00.000,2015-08-13T00:55:00.000,I,N,,,,,,,,,,,,,,,,,,,
100,0,12401,2015-08-11T04:43:00.000,-307,-288,2015-08-22T06:19:00.000,2015-08-14T15:05:00.000,2015-08-17T05:35:00.000,2015-08-16T06:04:00.000,S,S,,,,,,,,,,,,,,,,,,,
100,0,12406,2015-08-25T15:43:00.000,31,136,2015-09-07T18:05:00.000,2015-09-01T18:04:00.000,2015-09-02T18:06:00.000,2015-09-01T18:04:00.000,I,N,,,,,,,,,,,,,,,,,,,
100,0,12414,2015-09-08T18:28:00.000,477,-271,2015-09-14T05:53:00.000,2015-09-12T06:04:00.000,2015-09-14T05:53:00.000,2015-09-12T18:04:00.000,I,S,,,,,,,,,,,,,,,,,,,
100,0,12415,2015-09-11T05:44:00.000,411,-436,2015-09-23T06:03:00.000,2015-09-18T06:04:00.000,2015-09-19T18:23:00.000,2015-09-19T05:34:00.000,I,S,,,,,,,,,,,,,,,,,,,
100,0,12427,2015-09-27T06:29:00.000,215,174,2015-10-08T06:29:00.000,2015-10-02T17:59:00.000,2015-10-04T06:04:00.000,2015-10-02T17:59:00.000,I,N,,,,,,,,,,,,,,,,,,,
100,0,12431,2015-10-11T05:34:00.000,157,-390,2015-10-21T19:26:00.000,2015-10-14T05:43:00.000,2015-10-17T05:52:00.000,2015-10-17T05:52:00.000,I,S,,,,,,,,,,,,,,,,,,,
100,0,12434,2015-10-13T06:11:00.000,496,-252,2015-10-24T18:48:00.000,2015-10-18T06:03:00.000,2015-10-22T18:59:00.000,2015-10-21T19:26:00.000,S,S,,,,,,,,,,,,,,,,,,,
100,0,12436,2015-10-17T05:52:00.000,269,70,2015-10-29T18:10:00.000,2015-10-21T19:20:00.000,2015-10-24T18:48:00.000,2015-10-24T18:48:00.000,S,N,,,,,,,,,,,,,,,,,,,
100,0,12437,2015-10-18T06:03:00.000,-428,-467,2015-10-30T18:14:00.000,2015-10-20T19:08:00.000,2015-10-23T19:00:00.000,2015-10-21T19:26:00.000,S,S,,,,,,,,,,,,,,,,,,,
100,0,12441,2015-10-28T13:43:00.000,-36,152,2015-11-08T05:51:00.000,2015-10-29T18:10:00.000,2015-10-31T10:24:00.000,2015-10-31T10:24:00.000,I,N,,,,,,,,,,,,,,,,,,,
100,0,12443,2015-10-30T10:24:00.000,201,34,2015-11-10T18:13:00.000,2015-11-04T17:58:00.000,2015-11-06T18:03:00.000,2015-11-05T05:42:00.000,S,N,,,,,,,,,,,,,,,,,,,
100,0,12448,2015-11-04T17:58:00.000,-288,34,2015-11-15T06:09:00.000,2015-11-08T05:51:00.000,2015-11-14T18:04:00.000,2015-11-09T06:03:00.000,I,N,,,,,,,,,,,,,,,,,,,
100,0,12450,2015-11-06T06:33:00.000,-177,-286,2015-11-18T13:03:00.000,2015-11-09T06:03:00.000,2015-11-12T18:03:00.000,2015-11-11T18:02:00.000,I,S,,,,,,,,,,,,,,,,,,,
100,0,12456,2015-11-13T18:22:00.000,247,85,2015-11-24T18:21:00.000,2015-11-18T13:03:00.000,2015-11-21T06:27:00.000,2015-11-20T06:03:00.000,I,N,,,,,,,,,,,,,,,,,,,
100,0,NA,2015-11-13T18:22:00.000,-353,-453,2015-11-25T18:03:00.000,2015-11-18T13:03:00.000,2015-11-21T06:27:00.000,2015-11-18T13:03:00.000,S,S,,,,,,,,,,,,,,,,,,,
100,0,12457,2015-11-20T06:03:00.000,-19,172,2015-11-30T17:52:00.000,2015-11-24T18:21:00.000,2015-11-27T17:43:00.000,2015-11-25T18:03:00.000,I,N,,,,,,,,,,,,,,,,,,,
100,0,12458,2015-11-22T06:00:00.000,-186,128,2015-12-04T06:04:00.000,2015-11-25T17:57:00.000,2015-11-30T17:52:00.000,2015-11-27T17:43:00.000,S,N,,,,,,,,,,,,,,,,,,,
100,0,NA,2015-12-02T05:58:00.000,-380,87,2015-12-13T18:11:00.000,2015-12-04T18:03:00.000,2015-12-06T06:06:00.000,2015-12-05T17:33:00.000,I,N,,,,,,,,,,,,,,,,,,,
100,0,12465,2015-12-10T06:17:00.000,225,-92,2015-12-19T05:39:00.000,2015-12-10T06:17:00.000,2015-12-14T18:00:00.000,2015-12-13T18:11:00.000,S,S,,,,,,,,,,,,,,,,,,,
100,0,12468,2015-12-10T06:17:00.000,51,-203,2015-12-22T17:50:00.000,2015-12-14T18:00:00.000,2015-12-17T06:05:00.000,2015-12-16T06:34:00.000,S,S,,,,,,,,,,,,,,,,,,,
100,0,NA,2015-12-17T06:05:00.000,-293,336,2015-12-26T18:01:00.000,2015-12-21T18:03:00.000,2015-12-24T18:10:00.000,2015-12-21T18:03:00.000,I,N,,,,,,,,,,,,,,,,,,,
100,0,12473,2015-12-21T18:03:00.000,-228,-327,2016-01-02T17:49:00.000,2015-12-24T18:10:00.000,2015-12-26T18:01:00.000,2015-12-26T18:01:00.000,S,S,,,,,,,,,,,,,,,,,,,
100,0,12476,2015-12-31T18:04:00.000,157,-97,2016-01-11T18:03:00.000,2016-01-04T06:23:00.000,2016-01-07T18:18:00.000,2016-01-07T06:32:00.000,S,S,,,,,,,,,,,,,,,,,,,
100,0,12477,2016-01-01T18:03:00.000,167,254,2016-01-14T06:03:00.000,2016-01-06T18:00:00.000,2016-01-10T18:26:00.000,2016-01-08T18:04:00.000,I,N,,,,,,,,,,,,,,,,,,,
100,0,12482,2016-01-02T05:47:00.000,196,-46,2016-01-14T16:28:00.000,2016-01-08T06:03:00.000,2016-01-10T05:38:00.000,2016-01-09T06:06:00.000,I,S,,,,,,,,,,,,,,,,,,,
100,0,12480,2016-01-06T06:03:00.000,-470,114,2016-01-20T18:06:00.000,2016-01-09T06:06:00.000,2016-01-10T18:26:00.000,2016-01-10T05:38:00.000,S,N,,,,,,,,,,,,,,,,,,,
100,0,12487,2016-01-20T18:06:00.000,-97,-131,2016-01-29T18:16:00.000,2016-01-22T05:56:00.000,2016-01-23T18:00:00.000,2016-01-23T06:13:00.000,I,S,,,,,,,,,,,,,,,,,,,
100,0,12494,2016-02-03T06:11:00.000,223,-97,2016-02-12T05:34:00.000,2016-02-05T18:03:00.000,2016-02-07T05:52:00.000,2016-02-06T18:06:00.000,S,S,,,,,,,,,,,,,,,,,,,
100,0,12491,2016-01-31T06:03:00.000,116,133,2016-02-12T18:23:00.000,2016-02-05T06:03:00.000,2016-02-07T05:52:00.000,2016-02-06T18:06:00.000,I,N,,,,,,,,,,,,,,,,,,,
100,0,12492,2016-02-01T18:24:00.000,-319,317,2016-02-14T06:10:00.000,2016-02-04T05:44:00.000,2016-02-06T18:06:00.000,2016-02-06T06:20:00.000,S,N,,,,,,,,,,,,,,,,,,,
100,0,12502,2016-02-11T06:04:00.000,56,247,2016-02-23T05:32:00.000,2016-02-13T06:08:00.000,2016-02-19T18:10:00.000,2016-02-17T06:19:00.000,S,N,,,,,,,,,,,,,,,,,,,
100,0,12505,2016-02-18T18:43:00.000,549,225,2016-02-24T18:03:00.000,2016-02-21T06:00:00.000,2016-02-22T18:03:00.000,2016-02-21T06:00:00.000,S,N,,,,,,,,,,,,,,,,,,,
100,0,12509,2016-02-25T06:09:00.000,436,252,2016-03-08T05:39:00.000,2016-03-03T05:58:00.000,2016-03-05T06:35:00.000,2016-03-04T06:04:00.000,S,N,,,,,,,,,,,,,,,,,,,
100,0,NA,2016-03-17T18:03:00.000,467,332,2016-03-29T06:04:00.000,2016-03-23T19:14:00.000,2016-03-26T06:04:00.000,2016-03-25T17:57:00.000,I,N,,,,,,,,,,,,,,,,,,,
100,0,NA,2016-03-27T06:31:00.000,-264,133,2016-04-07T18:16:00.000,2016-03-30T18:26:00.000,2016-04-01T06:12:00.000,2016-03-31T18:04:00.000,I,N,,,,,,,,,,,,,,,,,,,
100,0,12528,2016-03-29T06:04:00.000,-370,179,2016-04-06T17:03:00.000,2016-03-31T18:04:00.000,2016-04-03T06:04:00.000,2016-04-02T05:45:00.000,I,N,,,,,,,,,,,,,,,,,,,
100,0,12546,2016-05-14T17:59:00.000,271,-90,2016-05-26T18:05:00.000,2016-05-20T18:05:00.000,2016-05-21T18:08:00.000,2016-05-21T18:08:00.000,S,S,,,,,,,,,,,,,,,,,,,
100,0,NA,2016-05-21T18:08:00.000,-157,92,2016-06-02T07:50:00.000,2016-05-25T06:07:00.000,2016-05-26T18:05:00.000,2016-05-26T18:05:00.000,S,N,,,,,,,,,,,,,,,,,,,
100,0,12549,2016-05-26T06:15:00.000,407,-230,2016-06-05T06:01:00.000,2016-05-30T05:49:00.000,2016-06-04T06:42:00.000,2016-06-01T06:48:00.000,S,S,,,,,,,,,,,,,,,,,,,
100,0,12553,2016-06-10T18:31:00.000,242,-220,2016-06-22T18:04:00.000,2016-06-15T18:12:00.000,2016-06-18T18:21:00.000,2016-06-17T18:03:00.000,S,S,,,,,,,,,,,,,,,,,,,
100,0,NA,2016-06-12T06:28:00.000,2,177,2016-06-24T06:05:00.000,2016-06-15T18:12:00.000,2016-06-19T17:57:00.000,2016-06-18T04:09:00.000,I,N,,,,,,,,,,,,,,,,,,,
100,0,NA,2016-06-15T18:12:00.000,-230,165,2016-06-26T06:34:00.000,2016-06-17T18:03:00.000,2016-06-23T06:25:00.000,2016-06-19T17:57:00.000,I,N,,,,,,,,,,,,,,,,,,,
100,0,NA,2016-06-15T18:12:00.000,-106,63,2016-06-26T18:10:00.000,2016-06-20T18:10:00.000,2016-06-21T05:40:00.000,2016-06-20T18:10:00.000,I,N ,,,,,,,,,,,,,,,,,,,
100,0,NA,2016-06-24T06:05:00.000,-455,162,2016-07-06T18:04:00.000,2016-06-27T17:47:00.000,2016-06-30T06:04:00.000,2016-06-28T06:06:00.000,I,N,,,,,,,,,,,,,,,,,,,
100,0,12559,2016-06-27T05:57:00.000,-174,179,2016-07-09T17:58:00.000,2016-06-30T06:04:00.000,2016-07-03T05:58:00.000,2016-07-02T06:45:00.000,I,N,,,,,,,,,,,,,,,,,,,
100,0,12560,2016-07-06T18:04:00.000,-363,-194,2016-07-16T05:44:00.000,2016-07-07T06:31:00.000,2016-07-10T18:16:00.000,2016-07-08T17:45:00.000,I,S,,,,,,,,,,,,,,,,,,,
100,0,12563,2016-07-07T06:31:00.000,73,303,2016-07-19T17:43:00.000,2016-07-11T17:53:00.000,2016-07-13T18:25:00.000,2016-07-13T18:25:00.000,I,N,,,,,,,,,,,,,,,,,,,
100,0,NA,2016-07-28T04:05:00.000,-254,123,2016-08-05T06:05:00.000,2016-07-29T03:50:00.000,2016-08-02T17:53:00.000,2016-07-29T03:50:00.000,I,N,,,,,,,,,,,,,,,,,,,
100,0,12571,2016-08-02T05:58:00.000,455,106,2016-08-12T18:10:00.000,2016-08-07T18:28:00.000,2016-08-09T06:16:00.000,2016-08-08T18:04:00.000,S,N,,,,,,,,,,,,,,,,,,,
100,0,NA,2016-08-05T06:05:00.000,2,56,2016-08-14T06:04:00.000,2016-08-08T05:59:00.000,2016-08-14T06:04:00.000,2016-08-09T18:03:00.000,I,N,,,,,,,,,,,,,,,,,,,
100,0,12576,2016-08-08T18:04:00.000,-487,-385,2016-08-21T05:45:00.000,2016-08-11T18:06:00.000,2016-08-18T04:04:00.000,2016-08-12T18:10:00.000,I,S,,,,,,,,,,,,,,,,,,,
100,0,12579,2016-08-22T06:04:00.000,87,77,2016-08-30T11:16:00.000,2016-08-23T06:21:00.000,2016-08-26T18:16:00.000,2016-08-24T17:55:00.000,I,N,,,,,,,,,,,,,,,,,,,
100,0,12578,2016-08-14T18:38:00.000,-97,10,2016-08-26T05:27:00.000,2016-08-19T23:04:00.000,2016-08-20T04:34:00.000,2016-08-20T04:34:00.000,S,E,,,,,,,,,,,,,,,,,,,
100,0,12581,2016-08-24T17:55:00.000,27,77,2016-09-03T06:19:00.000,2016-08-28T06:03:00.000,2016-08-28T18:05:00.000,2016-08-28T18:05:00.000,I,N,,,,,,,,,,,,,,,,,,,
100,0,12592,2016-09-15T05:49:00.000,-322,162,2016-09-25T06:14:00.000,2016-09-18T07:03:00.000,2016-09-22T17:03:00.000,2016-09-19T18:01:00.000,I,N,,,,,,,,,,,,,,,,,,,
100,0,12593,2016-09-18T07:03:00.000,-129,0,2016-09-24T18:03:00.000,2016-09-19T06:03:00.000,2016-09-20T06:33:00.000,2016-09-19T06:03:00.000,S,E,,,,,,,,,,,,,,,,,,,
100,0,12599,2016-10-03T18:05:00.000,-6,-336,2016-10-15T18:22:00.000,2016-10-07T05:43:00.000,2016-10-12T07:03:00.000,2016-10-09T18:05:00.000,S,S,,,,,,,,,,,,,,,,,,,
100,0,12600,2016-10-06T06:11:00.000,125,119,2016-10-15T06:06:00.000,2016-10-13T08:48:00.000,2016-10-15T08:13:00.000,2016-10-13T08:48:00.000,I,N,,,,,,,,,,,,,,,,,,,
100,0,12602,2016-10-11T18:10:00.000,-599,22,2016-10-22T18:07:00.000,2016-10-14T17:58:00.000,2016-10-16T06:06:00.000,2016-10-14T17:58:00.000,I,N,,,,,,,,,,,,,,,,,,,
100,0,NA,2016-10-15T08:13:00.000,-221,-363,2016-10-27T06:04:00.000,2016-10-19T18:03:00.000,2016-10-22T06:03:00.000,2016-10-20T06:17:00.000,S,S,,,,,,,,,,,,,,,,,,,
100,0,12604,2016-10-25T18:01:00.000,292,22,2016-11-03T06:22:00.000,2016-10-27T18:08:00.000,2016-10-30T05:58:00.000,2016-10-29T05:38:00.000,I,N,,,,,,,,,,,,,,,,,,,
100,0,12605,2016-10-28T06:06:00.000,432,189,2016-11-06T06:31:00.000,2016-11-04T17:56:00.000,2016-11-05T17:59:00.000,2016-11-05T06:03:00.000,I,N,,,,,,,,,,,,,,,,,,,
100,0,NA,2016-11-11T17:59:00.000,-277,143,2016-11-23T17:43:00.000,2016-11-15T05:53:00.000,2016-11-18T18:02:00.000,2016-11-16T16:33:00.000,S,N,,,,,,,,,,,,,,,,,,,
100,0,12611,2016-11-16T06:03:00.000,-355,12,2016-11-27T06:03:00.000,2016-11-18T18:02:00.000,2016-11-23T05:41:00.000,2016-11-20T18:22:00.000,I,N,,,,,,,,,,,,,,,,,,,
100,0,12614,2016-11-30T18:01:00.000,-62,75,2016-12-07T17:48:00.000,2016-11-30T18:01:00.000,2016-12-02T18:03:00.000,2016-12-01T06:33:00.000,S,N,,,,,,,,,,,,,,,,,,,
100,0,NA,2016-12-30T18:03:00.000,149,283,2017-01-11T20:27:00.000,2017-01-04T17:59:00.000,2017-01-06T18:19:00.000,2017-01-06T06:33:00.000,I,N,,,,,,,,,,,,,,,,,,,
100,0,12625,2017-01-13T06:03:00.000,-514,94,2017-01-24T04:01:00.000,2017-01-15T05:54:00.000,2017-01-17T18:16:00.000,2017-01-16T06:03:00.000,I,N,,,,,,,,,,,,,,,,,,,
100,0,12627,2017-01-19T18:32:00.000,-93,167,2017-01-29T05:59:00.000,2017-01-20T18:24:00.000,2017-01-25T06:19:00.000,2017-01-22T17:58:00.000,S,N,,,,,,,,,,,,,,,,,,,
100,0,12628,2017-01-18T17:53:00.000,-84,257,2017-01-29T05:59:00.000,2017-01-23T05:43:00.000,2017-01-28T06:27:00.000,2017-01-24T06:06:00.000,I,N,,,,,,,,,,,,,,,,,,,
100,0,12630,2017-01-24T18:04:00.000,280,324,2017-02-06T05:52:00.000,2017-02-01T18:03:00.000,2017-02-03T05:40:00.000,2017-02-01T18:03:00.000,S,N,,,,,,,,,,,,,,,,,,,
100,0,12634,2017-02-05T06:16:00.000,171,167,2017-02-17T05:45:00.000,2017-02-09T05:56:00.000,2017-02-13T06:09:00.000,2017-02-12T06:04:00.000,I,N,,,,,,,,,,,,,,,,,,,
100,0,12637,2017-02-19T02:57:00.000,-454,0,2017-03-03T05:50:00.000,2017-02-22T20:55:00.000,2017-02-27T06:10:00.000,2017-02-22T20:55:00.000,S,E,,,,,,,,,,,,,,,,,,,
100,0,12641,2017-02-25T19:23:00.000,-16,358,2017-03-09T05:33:00.000,2017-02-28T19:03:00.000,2017-03-05T06:26:00.000,2017-03-03T05:50:00.000,I,N,,,,,,,,,,,,,,,,,,,
100,0,N/A,2017-03-01T19:08:00.000,70,206,2017-03-12T05:59:00.000,2017-03-06T05:58:00.000,2017-03-09T05:33:00.000,2017-03-08T05:23:00.000,S,N,,,,,,,,,,,,,,,,,,,
100,0,12643,2017-03-21T06:04:00.000,93,247,2017-04-02T05:32:00.000,2017-03-23T19:18:00.000,2017-03-29T06:03:00.000,2017-03-27T18:06:00.000,I,N,,,,,,,,,,,,,,,,,,,
100,0,12644,2017-03-23T06:10:00.000,-251,315,2017-04-04T06:09:00.000,2017-03-26T18:03:00.000,2017-04-01T06:03:00.000,2017-03-28T05:52:00.000,S,N,,,,,,,,,,,,,,,,,,,
100,0,12650,2017-04-09T18:07:00.000,1,223,2017-04-20T19:09:00.000,2017-04-13T19:13:00.000,2017-04-18T06:13:00.000,2017-04-15T06:05:00.000,S,N,,,,,,,,,,,,,,,,,,,
100,0,12652,2017-04-19T05:46:00.000,364,283,2017-04-30T17:43:00.000,2017-04-22T05:53:00.000,2017-04-28T06:08:00.000,2017-04-26T18:04:00.000,S,N,,,,,,,,,,,,,,,,,,,
100,0,12653,2017-04-21T06:21:00.000,-180,-114,2017-05-04T06:03:00.000,2017-04-26T18:04:00.000,2017-04-30T17:43:00.000,2017-04-27T05:34:00.000,I,S,,,,,,,,,,,,,,,,,,,
100,0,12654,2017-04-26T18:04:00.000,451,240,2017-05-09T05:28:00.000,2017-05-03T17:50:00.000,2017-05-05T12:27:00.000,2017-05-05T06:28:00.000,S,N,,,,,,,,,,,,,,,,,,,
100,0,12655,2017-05-01T18:07:00.000,202,276,2017-05-13T18:03:00.000,2017-05-07T06:03:00.000,2017-05-11T05:39:00.000,2017-05-08T17:03:00.000,I,N,,,,,,,,,,,,,,,,,,,
100,0,12656,2017-05-17T17:09:00.000,277,203,2017-05-27T18:06:00.000,2017-05-22T03:50:00.000,2017-05-25T05:43:00.000,2017-05-23T06:09:00.000,S,N,,,,,,,,,,,,,,,,,,,
100,0,12659,2017-05-21T06:11:00.000,345,252,2017-05-29T18:10:00.000,2017-05-24T17:59:00.000,2017-05-27T06:29:00.000,2017-05-25T05:43:00.000,S,N,,,,,,,,,,,,,,,,,,,
100,0,NA,2017-05-18T18:04:00.000,219,-150,2017-05-30T18:13:00.000,2017-05-21T19:28:00.000,2017-05-27T06:29:00.000,2017-05-25T18:33:00.000,I,S,,,,,,,,,,,,,,,,,,,
100,0,12661,2017-06-01T06:10:00.000,340,133,2017-06-13T06:37:00.000,2017-06-07T18:03:00.000,2017-06-09T06:54:00.000,2017-06-08T17:40:00.000,I,N,,,,,,,,,,,,,,,,,,,
100,0,12663,2017-06-14T17:48:00.000,655,198,2017-06-22T05:53:00.000,2017-06-17T18:03:00.000,2017-06-19T17:28:00.000,2017-06-19T05:45:00.000,S,N,,,,,,,,,,,,,,,,,,,
100,0,12665,2017-07-05T18:11:00.000,-149,-177,2017-07-19T18:16:00.000,2017-07-07T06:07:00.000,2017-07-15T06:03:00.000,2017-07-11T05:38:00.000,I,S,,,,,,,,,,,,,,,,,,,
100,0,12668,2017-07-19T18:16:00.000,-42,-36,2017-07-29T18:08:00.000,2017-07-20T17:55:00.000,2017-07-24T17:58:00.000,2017-07-23T18:03:00.000,I,S,,,,,,,,,,,,,,,,,,,
100,0,NA,2017-07-24T06:16:00.000,580,-41,2017-08-05T04:03:00.000,2017-07-29T18:08:00.000,2017-08-03T18:03:00.000,2017-08-01T18:03:00.000,I,S,,,,,,,,,,,,,,,,,,,
100,0,12671,2017-08-14T06:03:00.000,-132,70,2017-08-26T06:03:00.000,2017-08-17T06:09:00.000,2017-08-22T17:53:00.000,2017-08-20T06:03:00.000,I,N,,,,,,,,,,,,,,,,,,,
100,0,NA,2017-09-16T17:06:00.000,-248,31,2017-09-28T06:03:00.000,2017-09-20T18:03:00.000,2017-09-25T06:00:00.000,2017-09-21T05:32:00.000,I,N,,,,,,,,,,,,,,,,,,,
100,0,12681,2017-09-20T18:03:00.000,52,-327,2017-10-02T06:32:00.000,2017-09-26T18:03:00.000,2017-09-28T06:03:00.000,2017-09-26T18:03:00.000,S,S,,,,,,,,,,,,,,,,,,,
100,0,12682,2017-09-24T13:03:00.000,246,-248,2017-10-06T18:03:00.000,2017-09-26T18:03:00.000,2017-10-04T18:06:00.000,2017-10-01T18:00:00.000,I,S,,,,,,,,,,,,,,,,,,,
100,0,12683,2017-09-25T18:07:00.000,323,143,2017-10-08T05:44:00.000,2017-09-29T06:24:00.000,2017-10-08T05:44:00.000,2017-10-03T18:03:00.000,I,N,,,,,,,,,,,,,,,,,,,
100,0,12686,2017-10-23T04:03:00.000,-6,186,2017-11-04T06:20:00.000,2017-10-26T18:00:00.000,2017-10-29T06:05:00.000,2017-10-29T06:05:00.000,I,N,,,,,,,,,,,,,,,,,,,
100,0,12689,2017-11-22T18:03:00.000,434,182,2017-12-01T17:56:00.000,2017-11-25T05:56:00.000,2017-11-29T06:20:00.000,2017-11-27T17:46:00.000,I,N,,,,,,,,,,,,,,,,,,,
100,0,12692,2017-12-18T18:06:00.000,-28,310,2017-12-30T05:32:00.000,2017-12-21T06:12:00.000,2017-12-25T17:54:00.000,2017-12-24T06:20:00.000,S,N,,,,,,,,,,,,,,,,,,,
,,,,0,,,,,,,,,,,,,,,,,,,,,,,,,,
,,,,0,,,,,,180,180,,,,,,,,,,,,,,,,,,,
,,,,0,,,,,,,159,,,,,,,,,,,,,,,,,,,
,,,,0,,,,,,,,,,,,,,,,,,,,,,,,,,
,,,,0,,,,,,,44,,,,,,,,,,,,,,,,,,,
,,,,0,,,,,,,159,,,,,,,,,,,,,,,,,,,
,,,,0,,,,,,,,,,,,,,,,,,,,,,,,,,
,,,,0,,,,,,,44,,,,,,,,,,,,,,,,,,,
